break_even_price,open_interest,day.change,day.change_percent,day.close,day.high,day.last_updated,day.low,day.open,day.previous_close,day.volume,day.vwap,details.contract_type,details.exercise_style,details.expiration_date,details.shares_per_contract,details.strike_price,details.ticker,last_quote.ask,last_quote.ask_size,last_quote.ask_exchange,last_quote.bid,last_quote.bid_size,last_quote.bid_exchange,last_quote.last_updated,last_quote.midpoint,last_quote.timeframe,last_trade.sip_timestamp,last_trade.conditions,last_trade.price,last_trade.size,last_trade.exchange,last_trade.timeframe,underlying_asset.change_to_break_even,underlying_asset.last_updated,underlying_asset.price,underlying_asset.ticker,underlying_asset.timeframe,implied_volatility,greeks.delta,greeks.gamma,greeks.theta,greeks.vega
490.985,80,-1.13,-0.67,167.63,167.63,1.7065044e+18,167.59,167.59,168.76,13.0,167.5992,call,american,2024-01-31,100,320,O:SPY240131C00320000,171.18,305,316,170.79,305,316,1706562880324642560,170.985,REAL-TIME,1.706544821958716e+18,[233],167.63,1.0,312.0,REAL-TIME,0.045,1706566042664777472,490.94,SPY,REAL-TIME,,,,,
490.99,74,0.0,0.0,134.85,135.03,1.7024148e+18,133.56,133.56,134.85,64.0,134.0981,call,american,2024-01-31,100,330,O:SPY240131C00330000,161.18,305,316,160.8,305,316,1706562880324411904,160.99,REAL-TIME,1.702413152479e+18,[209],134.85,1.0,313.0,REAL-TIME,0.05,1706566042664777472,490.94,SPY,REAL-TIME,,,,,
490.995,59,0.0,0.0,130.25,130.3,1.7024148e+18,127.48,127.5,130.25,7.0,129.01,call,american,2024-01-31,100,335,O:SPY240131C00335000,156.19,305,316,155.8,305,316,1706562880324988672,155.995,REAL-TIME,1.702414934936e+18,[209],130.25,1.0,313.0,REAL-TIME,0.055,1706566042664777472,490.94,SPY,REAL-TIME,1.3337466078849949,0.9998724960677088,2.5698641102500384e-06,-0.027267739884883572,3.721037457782449e-05
490.995,70,0.0,0.0,138.6,138.6,1.7038836e+18,138.6,138.6,138.6,6.0,138.6,call,american,2024-01-31,100,340,O:SPY240131C00340000,151.19,305,316,150.8,305,316,1706562880325384448,150.995,REAL-TIME,1.703862156441e+18,[209],138.6,6.0,313.0,REAL-TIME,0.055,1706566042664777472,490.94,SPY,REAL-TIME,,,,,
490.995,92,0.0,0.0,127.87,127.87,1.7055252e+18,127.85,127.85,127.87,2.0,127.86,call,american,2024-01-31,100,345,O:SPY240131C00345000,146.19,305,316,145.8,305,316,1706562880324988672,145.995,REAL-TIME,1.705506014991e+18,[209],127.87,1.0,308.0,REAL-TIME,0.055,1706566042664777472,490.94,SPY,REAL-TIME,,,,,
491.0,139,0.0,0.0,138.77,138.77,1.70613e+18,138.77,138.77,138.77,1.0,138.77,call,american,2024-01-31,100,350,O:SPY240131C00350000,141.19,305,316,140.81,305,316,1706562880324778496,141.0,REAL-TIME,1.706118458428e+18,[232],138.77,1.0,304.0,REAL-TIME,0.06,1706566042664777472,490.94,SPY,REAL-TIME,1.2302358165292877,0.9998397920155655,5.463239005744216e-06,-0.030672548149982163,0.00018956651348938454
491.005,124,0.0,0.0,110.22,110.22,1.7024148e+18,107.37,107.37,110.22,223.0,108.6853,call,american,2024-01-31,100,355,O:SPY240131C00355000,136.2,305,316,135.81,305,316,1706562880324983552,136.005,REAL-TIME,1.702412721477e+18,[209],110.22,10.0,313.0,REAL-TIME,0.065,1706566042664777472,490.94,SPY,REAL-TIME,1.3111031453208084,0.9995927884847333,2.280584582773068e-05,-0.0416042337534382,0.000764988834589224
491.005,64,0.0,0.0,112.0,112.0,1.7055252e+18,112.0,112.0,112.0,3.0,112.0,call,american,2024-01-31,100,360,O:SPY240131C00360000,131.2,305,316,130.81,305,316,1706562880324792832,131.005,REAL-TIME,1.705503617471e+18,[233],112.0,3.0,312.0,REAL-TIME,0.065,1706566042664777472,490.94,SPY,REAL-TIME,1.2299426844210986,0.9996867379799083,1.756205960187075e-05,-0.03816459426501564,0.00019258915625866942
491.005,237,0.0,0.0,106.01,106.01,1.704402e+18,106.0,106.0,106.01,2.0,106.005,call,american,2024-01-31,100,365,O:SPY240131C00365000,126.2,305,316,125.81,305,316,1706562880324988672,126.005,REAL-TIME,1.704388753716e+18,[209],106.01,1.0,313.0,REAL-TIME,0.065,1706566042664777472,490.94,SPY,REAL-TIME,1.1007039674912535,0.9997997758008658,9.637464094946471e-06,-0.03398139306856585,0.00019344607453969612
491.01,35,0.0,0.0,118.98,118.98,1.7063028e+18,118.89,118.89,118.98,15.0,118.92,call,american,2024-01-31,100,370,O:SPY240131C00370000,121.2,305,316,120.82,305,316,1706562880324627456,121.01,REAL-TIME,1.706288831614e+18,[209],118.98,5.0,323.0,REAL-TIME,0.07,1706566042664777472,490.94,SPY,REAL-TIME,1.1543676769453428,0.9995244868771225,3.1063513554898216e-05,-0.044509485080026175,0.0007802850525569886
491.015,171,0.0,0.0,113.82,113.82,1.70613e+18,113.82,113.82,113.82,2.0,113.82,call,american,2024-01-31,100,375,O:SPY240131C00375000,116.21,305,316,115.82,305,316,1706562880324993536,116.015,REAL-TIME,1.706118364109e+18,[233],113.82,2.0,304.0,REAL-TIME,0.075,1706566042664777472,490.94,SPY,REAL-TIME,1.145985085558687,0.9992520731342172,5.198146375249352e-05,-0.05409791252558333,0.0007857180186869917
491.015,201,0.0,0.0,85.45,85.56,1.7024148e+18,84.13,84.13,85.45,64.0,85.4941,call,american,2024-01-31,100,380,O:SPY240131C00380000,111.21,305,316,110.82,305,316,1706562880324607488,111.015,REAL-TIME,1.702413060847e+18,[209],85.45,1.0,313.0,REAL-TIME,0.075,1706566042664777472,490.94,SPY,REAL-TIME,1.074484414838992,0.9993383373427058,4.844206108193162e-05,-0.05075595634397346,0.000790678026142081
491.02,140,0.0,0.0,80.6,80.64,1.7024148e+18,79.12,79.12,80.6,62.0,79.6174,call,american,2024-01-31,100,385,O:SPY240131C00385000,106.21,305,316,105.83,305,316,1706562880324988672,106.02,REAL-TIME,1.702412620091e+18,[209],80.6,10.0,313.0,REAL-TIME,0.08,1706566042664777472,490.94,SPY,REAL-TIME,1.066764573456878,0.9990442961903424,7.276270740639138e-05,-0.06034435954461631,0.0007959797413275597
491.02,354,0.0,0.0,94.1,94.1,1.7060436e+18,94.1,94.1,94.1,1.0,94.1,call,american,2024-01-31,100,390,O:SPY240131C00390000,101.21,305,316,100.83,305,316,1706562880325043712,101.02,REAL-TIME,1.706032447928e+18,[209],94.1,1.0,304.0,REAL-TIME,0.08,1706566042664777472,490.94,SPY,REAL-TIME,0.9967214948722886,0.9991236374734385,7.092846840107285e-05,-0.05700219913148136,0.000800296034455826
491.025,231,0.0,0.0,75.21,75.21,1.704402e+18,75.21,75.21,75.21,2.0,75.21,call,american,2024-01-31,100,395,O:SPY240131C00395000,96.22,305,316,95.83,305,316,1706562880324993536,96.025,REAL-TIME,1.704379732088e+18,[209],75.21,1.0,313.0,REAL-TIME,0.085,1706566042664777472,490.94,SPY,REAL-TIME,0.9806457026246449,0.9988044462101866,9.951813356508875e-05,-0.06604869122947515,0.0026474752592801016
491.025,263,0.0,0.0,87.69,87.69,1.7063028e+18,87.69,87.69,87.69,1.0,87.69,call,american,2024-01-31,100,400,O:SPY240131C00400000,91.22,305,316,90.83,305,316,1706562880324612608,91.025,REAL-TIME,1.706300670347e+18,[233],87.69,1.0,302.0,REAL-TIME,0.085,1706566042664777472,490.94,SPY,REAL-TIME,0.920445895354946,0.9988745352643957,0.00010021856610107915,-0.06321564132827713,0.00266371035248191
491.035,208,0.0,0.0,74.48,74.48,1.7050932e+18,74.48,74.48,74.48,20.0,74.48,call,american,2024-01-31,100,405,O:SPY240131C00405000,86.23,305,316,85.84,305,316,1706562880324784128,86.035,REAL-TIME,1.705070345056e+18,[232],74.48,20.0,304.0,REAL-TIME,0.095,1706566042664777472,490.94,SPY,REAL-TIME,0.8983161003698661,0.998092136496715,0.00016951726371648514,-0.08103829405948365,0.002680060208313245
491.03,466,0.0,0.0,65.11,65.14,1.7025012e+18,65.11,65.14,65.11,2.0,65.125,call,american,2024-01-31,100,406,O:SPY240131C00406000,85.22,305,316,84.84,305,316,1706562880324918272,85.03,REAL-TIME,1.702496977444e+18,[209],65.11,1.0,313.0,REAL-TIME,0.09,1706566042664777472,490.94,SPY,REAL-TIME,0.8678341924572541,0.998525725508529,0.00013715313827844308,-0.070143773422634,0.0026825126355559605
491.035,109,0.0,0.0,64.08,64.1,1.7025012e+18,64.08,64.1,64.08,2.0,64.09,call,american,2024-01-31,100,407,O:SPY240131C00407000,84.23,305,316,83.84,305,316,1706562880324632832,84.035,REAL-TIME,1.702496981519e+18,[209],64.08,1.0,308.0,REAL-TIME,0.095,1706566042664777472,490.94,SPY,REAL-TIME,0.8746559414350665,0.9981027339134102,0.00017317047122077046,-0.07990489351863954,0.00268612347735803
491.035,155,0.0,0.0,66.25,66.25,1.7056116e+18,66.25,66.25,66.25,3.0,66.25,call,american,2024-01-31,100,408,O:SPY240131C00408000,83.23,305,316,82.84,305,316,1706562880324427008,83.035,REAL-TIME,1.705598368517e+18,[232],66.25,3.0,304.0,REAL-TIME,0.095,1706566042664777472,490.94,SPY,REAL-TIME,0.8628695259313077,0.9981083559165899,0.00017503486276603355,-0.07933816950651917,0.002689580292743273
491.035,217,0.0,0.0,67.94,67.96,1.7030196e+18,67.94,67.96,67.94,2.0,67.95,call,american,2024-01-31,100,409,O:SPY240131C00409000,82.23,305,316,81.84,305,316,1706562880324391936,82.035,REAL-TIME,1.703006315185e+18,[209],67.94,1.0,313.0,REAL-TIME,0.095,1706566042664777472,490.94,SPY,REAL-TIME,0.8511120216448467,0.9981142041778804,0.00017692467217124031,-0.0787714300262275,0.0026922570180239252
491.035,391,0.0,0.0,65.41,65.49,1.7056116e+18,65.41,65.42,65.41,10.0,65.422,call,american,2024-01-31,100,410,O:SPY240131C00410000,81.23,305,316,80.84,305,316,1706562880324622592,81.035,REAL-TIME,1.705605657556e+18,[232],65.41,3.0,304.0,REAL-TIME,0.095,1706566042664777472,490.94,SPY,REAL-TIME,0.8393832812814149,0.9981202872568463,0.00017884002913588114,-0.07820467537748935,0.0026949959122249574
491.035,81,0.0,0.0,60.19,60.19,1.7025012e+18,60.15,60.15,60.19,2.0,60.17,call,american,2024-01-31,100,411,O:SPY240131C00411000,80.23,305,316,79.84,305,316,1706562880324647680,80.035,REAL-TIME,1.70249702363e+18,[209],60.19,1.0,312.0,REAL-TIME,0.095,1706566042664777472,490.94,SPY,REAL-TIME,0.8276831584066381,0.9981266141582179,0.00018078102564863654,-0.07763790583228534,0.0026986063650242713
491.035,499,0.0,0.0,45.79,46.08,1.7018964e+18,45.79,45.86,45.79,151.0,45.8591,call,american,2024-01-31,100,412,O:SPY240131C00412000,79.23,305,316,78.84,305,316,1706562880324407040,79.035,REAL-TIME,1.701895017026e+18,[209],45.79,1.0,313.0,REAL-TIME,0.095,1706566042664777472,490.94,SPY,REAL-TIME,0.8160115075255515,0.9981331943585822,0.0001827477107699356,-0.07707112168007486,0.0027005548237798694
491.035,211,0.0,0.0,55.62,55.62,1.7044884e+18,55.61,55.61,55.62,5.0,55.618,call,american,2024-01-31,100,413,O:SPY240131C00413000,78.23,305,316,77.84,305,316,1706562880325039104,78.035,REAL-TIME,1.7044844579e+18,[232],55.62,4.0,322.0,REAL-TIME,0.095,1706566042664777472,490.94,SPY,REAL-TIME,0.8043681838468142,0.9981400378411794,0.00018474008426848937,-0.0765043231496876,0.00270405338445309
491.04,244,0.0,0.0,57.47,57.47,1.7043156e+18,57.47,57.47,57.47,3.0,57.47,call,american,2024-01-31,100,414,O:SPY240131C00414000,77.23,305,316,76.85,305,316,1706562880325389312,77.04,REAL-TIME,1.704313335049e+18,[232],57.47,1.0,304.0,REAL-TIME,0.1,1706566042664777472,490.94,SPY,REAL-TIME,0.8112201672808234,0.9976868866730702,0.00022598894767984269,-0.08626572989232165,0.002708252466721029
491.04,163,7.41,11.342,72.74,72.74,1.7065044e+18,72.74,72.74,65.33,2.0,72.74,call,american,2024-01-31,100,415,O:SPY240131C00415000,76.23,305,316,75.85,305,316,1706562880324778496,76.04,REAL-TIME,1.7065421530146668e+18,[209],72.74,2.0,313.0,REAL-TIME,0.1,1706566042664777472,490.94,SPY,REAL-TIME,0.7996131953714035,0.9976873041118822,0.00022922258160617637,-0.0856989256170214,0.002711355289469428
491.04,397,0.0,0.0,55.0,55.0,1.7043156e+18,55.0,55.0,55.0,1.0,55.0,call,american,2024-01-31,100,416,O:SPY240131C00416000,75.23,305,316,74.85,305,316,1706562880324784128,75.04,REAL-TIME,1.704315001836e+18,[209],55.0,1.0,303.0,REAL-TIME,0.1,1706566042664777472,490.94,SPY,REAL-TIME,0.7880342747776071,0.9976878230307875,0.000232533406979404,-0.08513210738574958,0.0027140898317165674
491.04,105,0.0,0.0,60.82,60.82,1.7030196e+18,60.82,60.82,60.82,2.0,60.82,call,american,2024-01-31,100,417,O:SPY240131C00417000,74.23,305,316,73.85,305,316,1706562880324792832,74.04,REAL-TIME,1.703020002765e+18,[209],60.82,1.0,313.0,REAL-TIME,0.1,1706566042664777472,490.94,SPY,REAL-TIME,0.7764835129143717,0.9976884411824616,0.00023592471181514574,-0.0845654137676426,0.002716819686823344
491.04,109,0.0,0.0,57.7,57.72,1.7054388e+18,57.7,57.72,57.7,2.0,57.71,call,american,2024-01-31,100,418,O:SPY240131C00418000,73.23,305,316,72.85,305,316,1706562880324622592,73.04,REAL-TIME,1.705425031278e+18,[209],57.7,1.0,302.0,REAL-TIME,0.1,1706566042664777472,490.94,SPY,REAL-TIME,0.7649600324818325,0.9976891817379551,0.00023939772575911502,-0.08399843007302162,0.0027195848608764033
491.045,200,0.0,0.0,56.64,56.64,1.7054388e+18,56.64,56.64,56.64,2.0,56.64,call,american,2024-01-31,100,419,O:SPY240131C00419000,72.24,305,316,71.85,305,316,1706562880324772864,72.045,REAL-TIME,1.705425018301e+18,[209],56.64,1.0,313.0,REAL-TIME,0.105,1706566042664777472,490.94,SPY,REAL-TIME,0.7718251328436128,0.9972167076813511,0.000284163276507471,-0.09375986446109072,0.002723851237145903
491.04,116,4.61,6.922,71.21,71.21,1.7065044e+18,70.15,70.15,66.6,2.0,70.68,call,american,2024-01-31,100,420,O:SPY240131C00420000,71.23,305,316,70.85,305,316,1706562880324788480,71.04,REAL-TIME,1.7065603220945405e+18,[227],71.21,1.0,300.0,REAL-TIME,0.1,1706566042664777472,490.94,SPY,REAL-TIME,0.7419963398200852,0.9976909980014234,0.00024660541642438136,-0.08286470006677447,0.002725889636897269
491.045,154,0.0,0.0,54.73,54.75,1.7054388e+18,54.73,54.75,54.73,2.0,54.74,call,american,2024-01-31,100,421,O:SPY240131C00421000,70.24,305,316,69.85,305,316,1706562880324918272,70.045,REAL-TIME,1.705425028527e+18,[209],54.73,1.0,322.0,REAL-TIME,0.105,1706566042664777472,490.94,SPY,REAL-TIME,0.7488777592205605,0.9972039093866718,0.00029415288220364233,-0.09262614998630977,0.002729354525565489
491.045,153,0.0,0.0,53.7,53.72,1.7054388e+18,53.7,53.72,53.7,2.0,53.71,call,american,2024-01-31,100,422,O:SPY240131C00422000,69.24,305,316,68.85,305,316,1706562880324632832,69.045,REAL-TIME,1.705425006929e+18,[209],53.7,1.0,313.0,REAL-TIME,0.105,1706566042664777472,490.94,SPY,REAL-TIME,0.7374452219831135,0.9971973786689565,0.0002993777025856281,-0.0920592734568516,0.0027320950859008298
491.045,437,0.0,0.0,48.36,48.39,1.704402e+18,48.36,48.39,48.36,2.0,48.375,call,american,2024-01-31,100,423,O:SPY240131C00423000,68.24,305,316,67.85,305,316,1706562880324417024,68.045,REAL-TIME,1.704394259773e+18,[209],48.36,1.0,313.0,REAL-TIME,0.105,1706566042664777472,490.94,SPY,REAL-TIME,0.7260399432396555,0.9971907549756203,0.000304765376737127,-0.09149238443002876,0.0027354235006592053
491.045,305,-0.02,-0.0312,64.01,64.01,1.7065044e+18,64.01,64.01,64.03,7.0,64.01,call,american,2024-01-31,100,424,O:SPY240131C00424000,67.24,305,316,66.85,305,316,1706562880324391936,67.045,REAL-TIME,1.7065458760421012e+18,[232],64.01,7.0,312.0,REAL-TIME,0.105,1706566042664777472,490.94,SPY,REAL-TIME,0.7146617932205468,0.9971840340717432,0.000310323595236546,-0.09092548312447031,0.0027382737891211827
491.045,510,0.0,0.0,63.97,63.97,1.7063028e+18,63.97,63.97,63.97,5.0,63.97,call,american,2024-01-31,100,425,O:SPY240131C00425000,66.24,305,316,65.85,305,316,1706562880325043712,66.045,REAL-TIME,1.706289728046e+18,[232],63.97,5.0,308.0,REAL-TIME,0.105,1706566042664777472,490.94,SPY,REAL-TIME,0.7033106433493743,0.9971772114680769,0.0003160605387360522,-0.09035856980509252,0.0027416805805625037
491.045,20,0.0,0.0,62.95,62.95,1.7063028e+18,62.95,62.95,62.95,1.0,62.95,call,american,2024-01-31,100,426,O:SPY240131C00426000,65.24,305,316,64.85,305,316,1706562880324772864,65.045,REAL-TIME,1.706283944565e+18,[232],62.95,1.0,302.0,REAL-TIME,0.105,1706566042664777472,490.94,SPY,REAL-TIME,0.6919863661733997,0.9971702824019695,0.0003219849174453576,-0.0897916447667044,0.0027439900016369046
491.05,528,0.28,0.459,61.26,61.26,1.7065044e+18,61.13,61.13,60.98,2.0,61.195,call,american,2024-01-31,100,427,O:SPY240131C00427000,64.24,305,316,63.86,305,316,1706562880324778496,64.05,REAL-TIME,1.7065482431290304e+18,[227],61.26,1.0,302.0,REAL-TIME,0.11,1706566042664777472,490.94,SPY,REAL-TIME,0.6988889384590959,0.9966532176084801,0.00037543804646206365,-0.09955312702927777,0.002748355702917676
491.05,107,0.0,0.0,59.92,59.92,1.7063028e+18,59.92,59.92,59.92,1.0,59.92,call,american,2024-01-31,100,428,O:SPY240131C00428000,63.24,305,316,62.86,305,316,1706562880324788480,63.05,REAL-TIME,1.706280624039e+18,[232],59.92,1.0,322.0,REAL-TIME,0.11,1706566042664777472,490.94,SPY,REAL-TIME,0.6875996641328336,0.9966376992613691,0.0003833076378190853,-0.0989861974350185,0.002750934211713832
491.05,109,0.0,0.0,47.1,47.1,1.7050068e+18,47.1,47.1,47.1,1.0,47.1,call,american,2024-01-31,100,429,O:SPY240131C00429000,62.24,305,316,61.86,305,316,1706562880324923392,62.05,REAL-TIME,1.704997699902e+18,[232],47.1,1.0,322.0,REAL-TIME,0.11,1706566042664777472,490.94,SPY,REAL-TIME,0.6763370529123841,0.9966218034308589,0.0003914669923884929,-0.0984192564562872,0.002753278740487732
491.05,120,0.0,0.0,57.27,57.27,1.7063028e+18,57.27,57.27,57.27,3.0,57.27,call,american,2024-01-31,100,430,O:SPY240131C00430000,61.24,305,316,60.86,305,316,1706562880324778496,61.05,REAL-TIME,1.706297585883e+18,[233],57.27,3.0,302.0,REAL-TIME,0.11,1706566042664777472,490.94,SPY,REAL-TIME,0.6651009850490287,0.9966055121881949,0.0003999319780163426,-0.0978523043320746,0.0027558436275907884
491.05,22,0.0,0.0,48.97,48.97,1.705698e+18,47.38,47.38,48.97,7.0,47.6071,call,american,2024-01-31,100,431,O:SPY240131C00431000,60.24,305,316,59.86,305,316,1706562880324784128,60.05,REAL-TIME,1.705685597407e+18,[232],48.97,1.0,308.0,REAL-TIME,0.11,1706566042664777472,490.94,SPY,REAL-TIME,0.6538913421312111,0.9965888064598442,0.00040871961909552863,-0.09728534131513314,0.0027590925423002332
491.05,164,0.0,0.0,52.45,52.45,1.7059572e+18,52.45,52.45,52.45,1.0,52.45,call,american,2024-01-31,100,432,O:SPY240131C00432000,59.24,305,316,58.86,305,316,1706562880324792832,59.05,REAL-TIME,1.70594239958e+18,[232],52.45,1.0,308.0,REAL-TIME,0.11,1706566042664777472,490.94,SPY,REAL-TIME,0.6427080070348337,0.9965716659367594,0.0004178482019775016,-0.09671836763410892,0.0027623491362872544
491.05,42,0.0,0.0,53.37,53.37,1.7062164e+18,53.37,53.37,53.37,1.0,53.37,call,american,2024-01-31,100,433,O:SPY240131C00433000,58.24,305,316,57.86,305,316,1706562880324622592,58.05,REAL-TIME,1.70620905843e+18,[232],53.37,1.0,322.0,REAL-TIME,0.11,1706566042664777472,490.94,SPY,REAL-TIME,0.6315508640600854,0.9965540689705527,0.0004273373923689809,-0.09615138353958562,0.002764111416003348
491.055,41,0.0,0.0,53.64,53.64,1.7063028e+18,53.64,53.64,53.64,1.0,53.64,call,american,2024-01-31,100,434,O:SPY240131C00434000,57.25,305,316,56.86,305,316,1706562880324652544,57.055,REAL-TIME,1.706301386713e+18,[209],53.64,1.0,313.0,REAL-TIME,0.115,1706566042664777472,490.94,SPY,REAL-TIME,0.6349080485703084,0.9959934879293576,0.0004899618764587228,-0.10520442738952276,0.007613195480286978
491.055,171,-0.48,-0.889,53.5,53.56,1.7065044e+18,53.5,53.56,53.98,3.0,53.54,call,american,2024-01-31,100,435,O:SPY240131C00435000,56.25,305,316,55.86,305,316,1706562880324402176,56.055,REAL-TIME,1.7065544393812698e+18,[232],53.5,1.0,308.0,REAL-TIME,0.115,1706566042664777472,490.94,SPY,REAL-TIME,0.6233447844923432,0.9959653432356403,0.0005020777182591191,-0.10454934273737218,0.007620408643971826
491.055,110,0.0,0.0,49.28,50.9,1.70613e+18,49.28,50.9,49.28,2.0,50.09,call,american,2024-01-31,100,436,O:SPY240131C00436000,55.25,305,316,54.86,305,316,1706562880325043712,55.055,REAL-TIME,1.706130343874e+18,[232],49.28,1.0,308.0,REAL-TIME,0.115,1706566042664777472,490.94,SPY,REAL-TIME,0.6118082577225107,0.9959363205678842,0.0005147231991010709,-0.10389422569458394,0.007628153460485262
491.055,67,0.0,0.0,51.92,51.96,1.70613e+18,51.92,51.96,51.92,8.0,51.94,call,american,2024-01-31,100,437,O:SPY240131C00437000,54.25,305,316,53.86,305,316,1706562880325404416,54.055,REAL-TIME,1.706118152743e+18,[233],51.92,4.0,312.0,REAL-TIME,0.115,1706566042664777472,490.94,SPY,REAL-TIME,0.6002983515629834,0.9959063722571958,0.0005279324956126268,-0.10323907708352145,0.007635245700979849
491.055,217,3.64,7.314,53.41,53.41,1.7065044e+18,53.41,53.41,49.77,1.0,53.41,call,american,2024-01-31,100,438,O:SPY240131C00438000,53.25,305,316,52.86,305,316,1706562880324778496,53.055,REAL-TIME,1.7065619415079867e+18,[232],53.41,1.0,312.0,REAL-TIME,0.115,1706566042664777472,490.94,SPY,REAL-TIME,0.5888149505681936,0.9958754471350297,0.0005417427079897063,-0.1025838976988387,0.007642813781137855
491.055,179,0.0,0.0,37.24,37.24,1.7050068e+18,37.24,37.24,37.24,10.0,37.24,call,american,2024-01-31,100,439,O:SPY240131C00439000,52.25,305,316,51.86,305,316,1706562880324784128,52.055,REAL-TIME,1.704986981979e+18,[232],37.24,10.0,308.0,REAL-TIME,0.115,1706566042664777472,490.94,SPY,REAL-TIME,0.577357940677871,0.9958434902039905,0.0005561941729807557,-0.10192868835994777,0.007649565130563984
491.055,740,3.3,6.921,50.98,50.98,1.7065044e+18,48.1,48.1,47.68,2.0,49.54,call,american,2024-01-31,100,440,O:SPY240131C00440000,51.25,305,316,50.86,305,316,1706562880325043712,51.055,REAL-TIME,1.7065622565595133e+18,[232],50.98,1.0,322.0,REAL-TIME,0.115,1706566042664777472,490.94,SPY,REAL-TIME,0.5659272091637321,0.9958104422760807,0.0005713308167658664,-0.10127344984903426,0.007656200619692383
491.055,92,0.0,0.0,47.27,47.27,1.7063028e+18,47.27,47.27,47.27,1.0,47.27,call,american,2024-01-31,100,441,O:SPY240131C00441000,50.25,305,316,49.86,305,316,1706562880324772864,50.055,REAL-TIME,1.706279550147e+18,[209],47.27,1.0,304.0,REAL-TIME,0.115,1706566042664777472,490.94,SPY,REAL-TIME,0.5545226447386921,0.9957762395626983,0.0005872005548861644,-0.10061818296344553,0.007663057640347025
491.06,124,0.97,2.136,46.38,46.38,1.7065044e+18,46.38,46.38,45.41,4.0,46.38,call,american,2024-01-31,100,442,O:SPY240131C00442000,49.25,305,316,48.87,305,316,1706562880324778496,49.06,REAL-TIME,1.7065493468320212e+18,[232],46.38,2.0,322.0,REAL-TIME,0.12,1706566042664777472,490.94,SPY,REAL-TIME,0.5496619534023106,0.9951278620826919,0.0006706335815394591,-0.10801410657276275,0.00767238702313458
491.06,27,3.67,8.676,45.97,45.97,1.7065044e+18,45.97,45.97,42.3,1.0,45.97,call,american,2024-01-31,100,443,O:SPY240131C00443000,48.25,305,316,47.87,305,316,1706562880324788480,48.06,REAL-TIME,1.706556827732721e+18,[232],45.97,1.0,322.0,REAL-TIME,0.12,1706566042664777472,490.94,SPY,REAL-TIME,0.5383036736063447,0.9950784688484232,0.0006908865161460123,-0.10735880566801245,0.0076788592788135665
491.06,20,0.0,0.0,43.54,43.54,1.70613e+18,43.54,43.54,43.54,1.0,43.54,call,american,2024-01-31,100,444,O:SPY240131C00444000,47.25,305,316,46.87,305,316,1706562880324918272,47.06,REAL-TIME,1.706123402685e+18,[232],43.54,1.0,308.0,REAL-TIME,0.12,1706566042664777472,490.94,SPY,REAL-TIME,0.5269713214682055,0.9950271989519339,0.0007122118148295613,-0.10670347328732407,0.007685268605494583
491.06,495,3.85,9.046,46.41,46.41,1.7065044e+18,42.85,42.85,42.56,103.0,43.4516,call,american,2024-01-31,100,445,O:SPY240131C00445000,46.25,305,316,45.87,305,316,1706562880324637440,46.06,REAL-TIME,1.7065619415079867e+18,[232],46.41,1.0,312.0,REAL-TIME,0.12,1706566042664777472,490.94,SPY,REAL-TIME,0.515664799849272,0.9949739347177778,0.0007346921586276742,-0.1060481153120642,0.007692101429442065
491.06,170,0.0,0.0,41.43,41.87,1.7063028e+18,41.43,41.87,41.43,2.0,41.65,call,american,2024-01-31,100,446,O:SPY240131C00446000,45.25,305,316,44.87,305,316,1706562880324417024,45.06,REAL-TIME,1.706292690405e+18,[232],41.43,1.0,322.0,REAL-TIME,0.12,1706566042664777472,490.94,SPY,REAL-TIME,0.504384009633303,0.994918548892891,0.0007584185716399874,-0.10539273258915695,0.007698706016561179
491.06,750,0.0,0.0,41.64,41.64,1.70613e+18,41.64,41.64,41.64,1.0,41.64,call,american,2024-01-31,100,447,O:SPY240131C00447000,44.25,305,316,43.87,305,316,1706562880324397056,44.06,REAL-TIME,1.706117066617e+18,[232],41.64,1.0,322.0,REAL-TIME,0.12,1706566042664777472,490.94,SPY,REAL-TIME,0.49312885364883585,0.9948609031956116,0.0007834915212829134,-0.10473732581296362,0.0077056280261548395
491.06,527,1.96,4.853,42.35,42.35,1.7065044e+18,39.9,39.9,40.39,8.0,41.735,call,american,2024-01-31,100,448,O:SPY240131C00448000,43.25,305,316,42.87,305,316,1706562880325389312,43.06,REAL-TIME,1.7065593543163814e+18,[232],42.35,2.0,323.0,REAL-TIME,0.12,1706566042664777472,490.94,SPY,REAL-TIME,0.48189923751336766,0.9948008470727826,0.0008100221426116748,-0.10408189591794399,0.007711831344969422
491.06,235,3.15,8.148,41.81,41.81,1.7065044e+18,38.79,38.79,38.66,2.0,40.3,call,american,2024-01-31,100,449,O:SPY240131C00449000,42.25,305,316,41.87,305,316,1706562880324772864,42.06,REAL-TIME,1.706561318149705e+18,[232],41.81,1.0,304.0,REAL-TIME,0.12,1706566042664777472,490.94,SPY,REAL-TIME,0.47069506907967357,0.9947382163353375,0.0008381336478642909,-0.103426443657226,0.007718511085706973
491.06,2052,0.14,0.373,37.72,37.72,1.7065044e+18,37.62,37.62,37.58,2.0,37.67,call,american,2024-01-31,100,450,O:SPY240131C00450000,41.25,305,316,40.87,305,316,1706562880324411904,41.06,REAL-TIME,1.706545642229399e+18,[232],37.72,1.0,308.0,REAL-TIME,0.12,1706566042664777472,490.94,SPY,REAL-TIME,0.4595162590995834,0.9946728315614545,0.0008679629661403085,-0.10277096987759218,0.007722786568823543
491.06,1257,0.0,0.0,35.26,35.26,1.7062164e+18,35.26,35.26,35.26,1.0,35.26,call,american,2024-01-31,100,451,O:SPY240131C00451000,40.25,305,316,39.87,305,316,1706562880324983552,40.06,REAL-TIME,1.706210753662e+18,[232],35.26,1.0,308.0,REAL-TIME,0.12,1706566042664777472,490.94,SPY,REAL-TIME,0.4483627212484761,0.994604496298029,0.0008996626480554338,-0.10211547539566748,0.007729860071815495
491.06,810,0.0,0.0,36.09,36.09,1.7063028e+18,35.32,35.32,36.09,3.0,35.5767,call,american,2024-01-31,100,452,O:SPY240131C00452000,39.25,305,316,38.87,305,316,1706562880325394432,39.06,REAL-TIME,1.706298931175e+18,[233],36.09,1.0,302.0,REAL-TIME,0.12,1706566042664777472,490.94,SPY,REAL-TIME,0.43723437251845415,0.9945329949876226,0.0009334030911667997,-0.10145996107738639,0.007735376452190639
491.065,2021,3.69,10.708,38.15,38.15,1.7065044e+18,35.33,35.33,34.46,2.0,36.74,call,american,2024-01-31,100,453,O:SPY240131C00453000,38.26,305,316,37.87,305,316,1706562880324778496,38.065,REAL-TIME,1.706559824625412e+18,[232],38.15,1.0,308.0,REAL-TIME,0.125,1706566042664777472,490.94,SPY,REAL-TIME,0.432588514578517,0.9936961159887154,0.0010715698211451244,-0.10885578771431541,0.00774476388575902
491.065,1282,0.32,0.954,33.88,33.88,1.7065044e+18,33.86,33.86,33.56,15.0,33.8787,call,american,2024-01-31,100,454,O:SPY240131C00454000,37.26,305,316,36.87,305,316,1706562880324784128,37.065,REAL-TIME,1.7065386022274972e+18,[232],33.88,14.0,304.0,REAL-TIME,0.125,1706566042664777472,490.94,SPY,REAL-TIME,0.42150567334382694,0.99359847075305,0.0011150834288036855,-0.1082002467735186,0.007750394131831418
491.065,2233,0.96,2.944,33.57,33.57,1.7065044e+18,32.84,32.84,32.61,8.0,33.335,call,american,2024-01-31,100,455,O:SPY240131C00455000,36.26,305,316,35.87,305,316,1706562880324792832,36.065,REAL-TIME,1.7065541948590525e+18,[232],33.57,1.0,312.0,REAL-TIME,0.125,1706566042664777472,490.94,SPY,REAL-TIME,0.410447936761892,0.9934959515952827,0.0011616595735248231,-0.10754468813753564,0.0077558772768921225
491.065,997,4.11,14.574,32.31,32.31,1.7065044e+18,32.31,32.31,28.2,1.0,32.31,call,american,2024-01-31,100,456,O:SPY240131C00456000,35.26,305,316,34.87,305,316,1706562880324618240,35.065,REAL-TIME,1.7065476271476787e+18,[233],32.31,1.0,312.0,REAL-TIME,0.125,1706566042664777472,490.94,SPY,REAL-TIME,0.39941524698640263,0.993388171019238,0.0012116082246072107,-0.10688911271880236,0.007761941373304946
491.065,1086,3.69,12.19,33.96,33.96,1.7065044e+18,30.82,30.84,30.27,5.0,31.506,call,american,2024-01-31,100,457,O:SPY240131C00457000,34.26,305,316,33.87,305,316,1706562880324772864,34.065,REAL-TIME,1.706559600530755e+18,[232],33.96,1.0,312.0,REAL-TIME,0.125,1706566042664777472,490.94,SPY,REAL-TIME,0.388407552424967,0.9932746994199614,0.001265280511528003,-0.10623352145682209,0.007766143610986787
491.065,814,0.28,0.932,30.31,30.51,1.7065044e+18,30.31,30.51,30.03,5.0,30.43,call,american,2024-01-31,100,458,O:SPY240131C00458000,33.26,305,316,32.87,305,316,1706562880324407040,33.065,REAL-TIME,1.706552338999542e+18,[232],30.31,1.0,304.0,REAL-TIME,0.125,1706566042664777472,490.94,SPY,REAL-TIME,0.37742480849957083,0.99315505921709,0.0013230755404590898,-0.1055779153111926,0.007771100639840441
491.065,1016,-0.01,-0.0345,29.01,29.01,1.7065044e+18,29.01,29.01,29.02,1.0,29.01,call,american,2024-01-31,100,459,O:SPY240131C00459000,32.26,305,316,31.87,305,316,1706562880325043712,32.065,REAL-TIME,1.7065386001373507e+18,[232],29.01,1.0,308.0,REAL-TIME,0.125,1706566042664777472,490.94,SPY,REAL-TIME,0.3664669786013886,0.9930287179695688,0.0013854485755954023,-0.10492229530693774,0.00777642467510898
491.065,9948,2.98,10.727,30.76,30.77,1.7065044e+18,27.78,27.78,27.78,24.0,28.4746,call,american,2024-01-31,100,460,O:SPY240131C00460000,31.26,305,316,30.87,305,316,1706562880324647680,31.065,REAL-TIME,1.7065617197263383e+18,[233],30.76,1.0,312.0,REAL-TIME,0.125,1706566042664777472,490.94,SPY,REAL-TIME,0.35553403500936076,0.992895080292924,0.001452920903368897,-0.10426666242962908,0.00778063359881161
491.065,1127,0.33,1.207,27.66,27.66,1.7065044e+18,27.66,27.66,27.33,1.0,27.66,call,american,2024-01-31,100,461,O:SPY240131C00461000,30.26,300,316,29.87,305,316,1706562880324618240,30.065,REAL-TIME,1.70654918326074e+18,[232],27.66,1.0,323.0,REAL-TIME,0.125,1706566042664777472,490.94,SPY,REAL-TIME,0.34462596037491305,0.9927534782761906,0.0015260917965287943,-0.10361101778544446,0.0077851358455133055
491.065,613,0.09,0.347,26.0,26.0,1.7065044e+18,26.0,26.0,25.91,1.0,26.0,call,american,2024-01-31,100,462,O:SPY240131C00462000,29.26,300,316,28.87,305,316,1706562880324391936,29.065,REAL-TIME,1.706539126351366e+18,[209],26.0,1.0,303.0,REAL-TIME,0.125,1706566042664777472,490.94,SPY,REAL-TIME,0.333742749081013,0.9926031601266077,0.0016056530971200428,-0.10295536249803956,0.0077897878500527915
491.065,605,1.15,4.585,26.23,26.23,1.7065044e+18,26.23,26.23,25.08,1.0,26.23,call,american,2024-01-31,100,463,O:SPY240131C00463000,28.26,300,316,27.87,305,316,1706562880325043712,28.065,REAL-TIME,1.7065584085378478e+18,[233],26.23,1.0,312.0,REAL-TIME,0.125,1706566042664777472,490.94,SPY,REAL-TIME,0.3228844091320024,0.9924432765947059,0.0016924071055619701,-0.1022996977920135,0.007792757482265754
491.065,508,0.79,3.421,23.88,23.88,1.7065044e+18,23.88,23.88,23.09,14.0,23.88,call,american,2024-01-31,100,464,O:SPY240131C00464000,27.26,300,316,26.87,305,316,1706562880324772864,27.065,REAL-TIME,1.7065386022274972e+18,[232],23.88,14.0,304.0,REAL-TIME,0.125,1706566042664777472,490.94,SPY,REAL-TIME,0.3120509642476328,0.9922728647001821,0.0017872886565355288,-0.1016440249321222,0.007797107334735704
491.07,2533,3.45,14.987,26.47,26.47,1.7065044e+18,22.84,23.32,23.02,8.0,23.6975,call,american,2024-01-31,100,465,O:SPY240131C00465000,26.26,300,316,25.88,305,316,1706562880324778496,26.07,REAL-TIME,1.7065599879684943e+18,[232],26.47,1.0,312.0,REAL-TIME,0.13,1706566042664777472,490.94,SPY,REAL-TIME,0.3076500953347597,0.9910649286383488,0.002072686216845835,-0.10903978957993803,0.00780759538152446
491.07,1159,0.98,4.408,23.21,23.21,1.7065044e+18,22.25,22.25,22.23,5.0,22.798,call,american,2024-01-31,100,466,O:SPY240131C00466000,25.26,300,316,24.88,305,316,1706562880324788480,25.07,REAL-TIME,1.7065584085378478e+18,[233],23.21,1.0,312.0,REAL-TIME,0.13,1706566042664777472,490.94,SPY,REAL-TIME,0.29686406209252897,0.9908365732173663,0.0021988765378994353,-0.10838410756157169,0.007809695431824636
491.075,2459,0.87,4.1,22.09,22.09,1.7065044e+18,20.82,21.05,21.22,541.0,20.9778,call,american,2024-01-31,100,467,O:SPY240131C00467000,24.25,325,302,23.9,325,302,1706562879902747392,24.075,REAL-TIME,1.7065583282883812e+18,[232],22.09,1.0,308.0,REAL-TIME,0.135,1706566042664777472,490.94,SPY,REAL-TIME,0.29249998402091876,0.9895450046464049,0.0025238794634531766,-0.1157798690796624,0.00782078150835504
491.075,1860,1.51,7.869,20.7,20.7,1.7065044e+18,20.01,20.01,19.19,54.0,20.3457,call,american,2024-01-31,100,468,O:SPY240131C00468000,23.25,325,302,22.9,325,302,1706562879902917888,23.075,REAL-TIME,1.7065554308902927e+18,[232],20.7,1.0,312.0,REAL-TIME,0.135,1706566042664777472,490.94,SPY,REAL-TIME,0.28176248014934174,0.989247616893919,0.002689884078455625,-0.11512418094541037,0.007822862656515132
491.075,1785,1.64,8.851,20.17,20.17,1.7065044e+18,18.87,19.35,18.53,44.0,19.2414,call,american,2024-01-31,100,469,O:SPY240131C00469000,22.25,325,302,21.9,325,302,1706562880023048960,22.075,REAL-TIME,1.706557962676456e+18,[209],20.17,3.0,319.0,REAL-TIME,0.135,1706566042664777472,490.94,SPY,REAL-TIME,0.2710509809635539,0.9889276629286713,0.0028742874145176885,-0.11446849049465187,0.00782615236459295
491.075,3063,3.58,20.422,21.11,21.11,1.7065044e+18,17.85,18.0,17.53,50.0,18.4386,call,american,2024-01-31,100,470,O:SPY240131C00470000,21.25,325,302,20.9,325,302,1706562879903228416,21.075,REAL-TIME,1.7065617806822285e+18,[232],21.11,2.0,302.0,REAL-TIME,0.135,1706566042664777472,490.94,SPY,REAL-TIME,0.26036574193450807,0.9885824539923824,0.003079989812428061,-0.11381279960834985,0.007828620900566807
491.075,1444,3.29,19.976,19.76,20.5,1.7065044e+18,16.9,17.11,16.47,75.0,17.4972,call,american,2024-01-31,100,471,O:SPY240131C00471000,20.25,325,302,19.9,325,302,1706562879901790208,20.075,REAL-TIME,1.7065617197263383e+18,[233],19.76,1.0,312.0,REAL-TIME,0.135,1706566042664777472,490.94,SPY,REAL-TIME,0.24892500663252393,0.9882080692474589,0.003310877722501996,-0.1127387141954365,0.01826958049540949
491.075,3322,0.71,4.44,16.7,16.7,1.7065044e+18,15.62,16.09,15.99,35.0,16.1606,call,american,2024-01-31,100,472,O:SPY240131C00472000,19.25,325,302,18.9,325,302,1706562879507341056,19.075,REAL-TIME,1.7065554308902927e+18,[232],16.7,1.0,312.0,REAL-TIME,0.135,1706566042664777472,490.94,SPY,REAL-TIME,0.23711019334392405,0.9877977420072338,0.003572846968479131,-0.11144999137477292,0.01826796922820729
491.075,5247,3.03,20.654,17.7,18.16,1.7065044e+18,14.95,14.95,14.67,468.0,17.7971,call,american,2024-01-31,100,473,O:SPY240131C00473000,18.25,325,302,17.9,325,302,1706562879902366464,18.075,REAL-TIME,1.706561390237232e+18,[209],17.7,12.0,320.0,REAL-TIME,0.135,1706566042664777472,490.94,SPY,REAL-TIME,0.22532280103154656,0.9873457291186948,0.003872178038679971,-0.11016129075024443,0.01826453742199216
491.08,3007,3.73,27.94,17.08,17.2,1.7065044e+18,13.43,13.94,13.35,79.0,14.4877,call,american,2024-01-31,100,474,O:SPY240131C00474000,17.25,600,316,16.91,605,316,1706562899302992896,17.08,REAL-TIME,1.7065607086703053e+18,[233],17.08,3.0,312.0,REAL-TIME,0.14,1706566042664777472,490.94,SPY,REAL-TIME,0.21630021904503105,0.9855095131452714,0.0045097694681533575,-0.11497200953006331,0.01827465960800511
491.085,14548,3.21,25.098,16.0,16.0,1.7065044e+18,12.81,13.04,12.79,247.0,13.6016,call,american,2024-01-31,100,475,O:SPY240131C00475000,16.16,545,316,16.01,600,316,1706562899303118080,16.085,REAL-TIME,1.706562738422762e+18,[209],16.0,1.0,316.0,REAL-TIME,0.145,1706566042664777472,490.94,SPY,REAL-TIME,0.20730562835190056,0.9835143628535543,0.0052452472822574715,-0.11978275340343711,0.01827969775168695
491.085,4558,3.15,26.65,14.97,14.97,1.7065044e+18,11.76,11.76,11.82,238.0,12.4053,call,american,2024-01-31,100,476,O:SPY240131C00476000,15.16,515,316,15.01,600,316,1706562899303193344,15.085,REAL-TIME,1.7065623777657595e+18,[233],14.97,1.0,302.0,REAL-TIME,0.145,1706566042664777472,490.94,SPY,REAL-TIME,0.19560514448479466,0.9827404497040009,0.005780959153897065,-0.11849416243397301,0.01827523450339436
491.095,4624,3.25,30.516,13.9,14.1,1.7065044e+18,10.65,11.47,10.65,19.0,12.2653,call,american,2024-01-31,100,477,O:SPY240131C00477000,14.17,553,316,14.02,600,316,1706562899303273472,14.095,REAL-TIME,1.706560992544721e+18,[232],13.9,1.0,323.0,REAL-TIME,0.155,1706566042664777472,490.94,SPY,REAL-TIME,0.18940496702948456,0.9789603496219742,0.007090054978787139,-0.12940434324646072,0.018297464896763913
491.105,6153,2.74,26.422,13.11,13.17,1.7065044e+18,9.96,10.43,10.37,34.0,11.2785,call,american,2024-01-31,100,478,O:SPY240131C00478000,13.18,600,316,13.03,600,316,1706562899303624192,13.105,REAL-TIME,1.706562887761204e+18,[232],13.11,4.0,312.0,REAL-TIME,0.165,1706566042664777472,490.94,SPY,REAL-TIME,0.18323211089777255,0.9749258656977258,0.008564683895413506,-0.14031454695905068,0.018319814863454024
491.115,6052,3.2,36.036,12.08,12.3,1.7065044e+18,8.86,9.17,8.88,186.0,9.8638,call,american,2024-01-31,100,479,O:SPY240131C00479000,12.19,600,316,12.04,600,316,1706562899305017600,12.115,REAL-TIME,1.7065627531012708e+18,[209],12.08,2.0,312.0,REAL-TIME,0.175,1706566042664777472,490.94,SPY,REAL-TIME,0.1770223140023485,0.97061230222701,0.010229320468529143,-0.15114649076123435,0.036690570235461975
491.13,16478,3.28,41.837,11.12,11.5,1.7065044e+18,7.73,8.21,7.84,265.0,9.4969,call,american,2024-01-31,100,480,O:SPY240131C00480000,11.2,525,316,11.06,600,316,1706562899305529600,11.13,REAL-TIME,1.706562887761204e+18,[232],11.12,4.0,312.0,REAL-TIME,0.19,1706566042664777472,490.94,SPY,REAL-TIME,0.16783674339700602,0.9644422283730503,0.012480822118691264,-0.1612321475360488,0.036710884462914
491.15,4334,2.59,35.142,9.96,10.44,1.7065044e+18,6.88,7.18,7.37,82.0,8.1394,call,american,2024-01-31,100,481,O:SPY240131C00481000,10.22,491,316,10.08,600,316,1706562899305689344,10.15,REAL-TIME,1.7065623243304164e+18,[232],9.96,1.0,308.0,REAL-TIME,0.21,1706566042664777472,490.94,SPY,REAL-TIME,0.16005111972399513,0.9561392795343381,0.015476681396905613,-0.1757905524912301,0.03674865270179002
491.19,3264,2.8,45.234,8.99,9.55,1.7065044e+18,6.33,6.7,6.19,413.0,8.7665,call,american,2024-01-31,100,482,O:SPY240131C00482000,9.26,525,316,9.12,600,316,1706562899305704448,9.19,REAL-TIME,1.7065623485697132e+18,[232],8.99,1.0,322.0,REAL-TIME,0.25,1706566042664777472,490.94,SPY,REAL-TIME,0.15773522404490226,0.9415866150558555,0.01995349596279222,-0.2082393450759613,0.0368682746485702
491.245,4495,2.76,51.111,8.16,8.57,1.7065044e+18,5.26,5.72,5.4,2670.0,7.3154,call,american,2024-01-31,100,483,O:SPY240131C00483000,8.31,494,316,8.18,600,316,1706562899305779456,8.245,REAL-TIME,1.7065627760454098e+18,[232],8.16,1.0,308.0,REAL-TIME,0.305,1706566042664777472,490.94,SPY,REAL-TIME,0.1540202308672544,0.9226941242199072,0.025286053303809855,-0.24159659904797307,0.06386449867142806
491.33,5861,2.67,57.918,7.28,7.77,1.7065044e+18,4.43,4.66,4.61,200.0,5.9303,call,american,2024-01-31,100,484,O:SPY240131C00484000,7.39,517,316,7.27,605,316,1706562899305849600,7.33,REAL-TIME,1.706562719934371e+18,[232],7.28,1.0,312.0,REAL-TIME,0.39,1706566042664777472,490.94,SPY,REAL-TIME,0.15192616041585458,0.8954363788247963,0.032088812933403286,-0.2869010239024915,0.06409568502817611
491.44,13280,2.7,68.878,6.62,6.9,1.7065044e+18,3.72,4.14,3.92,1644.0,4.2939,call,american,2024-01-31,100,485,O:SPY240131C00485000,6.5,542,316,6.38,600,316,1706562899305929984,6.44,REAL-TIME,1.7065620882323459e+18,[209],6.62,1.0,313.0,REAL-TIME,0.5,1706566042664777472,490.94,SPY,REAL-TIME,0.15109535956247327,0.862562860746441,0.03943198056374703,-0.3381189015399189,0.09652913879467294
491.59,6445,2.15,66.154,5.4,6.06,1.7065044e+18,3.07,3.4,3.25,1662.0,3.9387,call,american,2024-01-31,100,486,O:SPY240131C00486000,5.64,499,316,5.54,600,316,1706562899306070272,5.59,REAL-TIME,1.7065623204691277e+18,[232],5.4,80.0,302.0,REAL-TIME,0.65,1706566042664777472,490.94,SPY,REAL-TIME,0.14822898906177026,0.8207394183296539,0.04749752548660074,-0.3835541466103811,0.09688456909999874
491.785,7948,2.03,75.465,4.72,5.25,1.7065044e+18,2.47,2.82,2.69,8762.0,2.9711,call,american,2024-01-31,100,487,O:SPY240131C00487000,4.83,600,316,4.74,600,316,1706562899776326144,4.785,REAL-TIME,1.7065628113706655e+18,[232],4.72,1.0,322.0,REAL-TIME,0.845,1706566042664777472,490.94,SPY,REAL-TIME,0.1487806767931121,0.7712829927113976,0.055472120996898765,-0.4421240617720254,0.12726648626815495
492.03,8968,1.85,84.862,4.03,4.5,1.7065044e+18,1.96,2.27,2.18,28034.0,2.4957,call,american,2024-01-31,100,488,O:SPY240131C00488000,4.06,415,316,4.0,396,316,1706562899992165376,4.03,REAL-TIME,1.7065628641141317e+18,[209],4.03,10.0,303.0,REAL-TIME,1.09,1706566042664777472,490.94,SPY,REAL-TIME,0.14540521408475604,0.7138492323827974,0.0629972083316563,-0.4737905544709023,0.1277660738815455
492.325,5294,1.52,86.857,3.27,3.78,1.7065044e+18,1.54,1.78,1.75,15961.0,2.1133,call,american,2024-01-31,100,489,O:SPY240131C00489000,3.34,34,313,3.31,210,315,1706562880200762624,3.325,REAL-TIME,1.7065625504536568e+18,[233],3.27,1.0,302.0,REAL-TIME,1.385,1706566042664777472,490.94,SPY,REAL-TIME,0.14549621166986293,0.6502150257597609,0.069647295097355,-0.5178369676546727,0.14667683481892635
492.715,17438,1.36,101.493,2.7,3.14,1.7065044e+18,1.17,1.39,1.34,22676.0,1.951,call,american,2024-01-31,100,490,O:SPY240131C00490000,2.73,177,316,2.7,101,313,1706562893447719680,2.715,REAL-TIME,1.706562891576084e+18,[209],2.7,1.0,301.0,REAL-TIME,1.775,1706566042664777472,490.94,SPY,REAL-TIME,0.1432785170879188,0.5788727515072081,0.07356433737559512,-0.5262882449597643,0.1473255732141441
493.16,6597,1.14,111.765,2.16,2.56,1.7065044e+18,0.87,1.05,1.02,14747.0,1.5569,call,american,2024-01-31,100,491,O:SPY240131C00491000,2.17,140,313,2.15,195,313,1706562899798178048,2.16,REAL-TIME,1.7065628866266903e+18,[233],2.16,1.0,302.0,REAL-TIME,2.22,1706566042664777472,490.94,SPY,REAL-TIME,0.14421164301581502,0.5052542206206431,0.07569162196017991,-0.5439211565812543,0.1480039554447739
493.685,4223,0.93,122.368,1.69,2.05,1.7065044e+18,0.63,0.78,0.76,10968.0,1.3351,call,american,2024-01-31,100,492,O:SPY240131C00492000,1.69,76,313,1.68,146,313,1706562899795802624,1.685,REAL-TIME,1.7065628987903875e+18,[209],1.69,1.0,301.0,REAL-TIME,2.745,1706566042664777472,490.94,SPY,REAL-TIME,0.1413873025261017,0.43032052429352097,0.07487617478009971,-0.5148155134437777,0.1486983902826518
494.285,5756,0.74,134.545,1.29,1.6,1.7065044e+18,0.45,0.57,0.55,10166.0,1.0503,call,american,2024-01-31,100,493,O:SPY240131C00493000,1.29,152,313,1.28,230,313,1706562899798123008,1.285,REAL-TIME,1.7065628798308662e+18,[209],1.29,1.0,304.0,REAL-TIME,3.345,1706566042664777472,490.94,SPY,REAL-TIME,0.14262987538947383,0.3576334232521926,0.07148999795143102,-0.49732935305947207,0.1307049239566056
494.955,5633,0.57,146.154,0.96,1.23,1.7065044e+18,0.32,0.41,0.39,8187.0,0.6765,call,american,2024-01-31,100,494,O:SPY240131C00494000,0.96,164,313,0.95,259,313,1706562899991593984,0.955,REAL-TIME,1.706562887777232e+18,[209],0.96,1.0,320.0,REAL-TIME,4.015,1706566042664777472,490.94,SPY,REAL-TIME,0.14012076679991264,0.28878420689180945,0.06565341967423192,-0.4394575284331501,0.13136010698593567
495.695,11302,0.42,150.0,0.7,0.91,1.7065044e+18,0.21,0.28,0.28,13429.0,0.4973,call,american,2024-01-31,100,495,O:SPY240131C00495000,0.7,170,325,0.69,260,325,1706562890580853504,0.695,REAL-TIME,1.7065628942714468e+18,[209],0.7,5.0,304.0,REAL-TIME,4.755,1706566042664777472,490.94,SPY,REAL-TIME,0.1413904750100441,0.22742421362466833,0.05812249116655874,-0.39456035634988557,0.10090039727049929
496.49,3092,0.3,157.895,0.49,0.69,1.7065044e+18,0.14,0.18,0.19,3860.0,0.4076,call,american,2024-01-31,100,496,O:SPY240131C00496000,0.5,603,302,0.48,512,308,1706562899321707520,0.49,REAL-TIME,1.7065628737859187e+18,[209],0.49,1.0,301.0,REAL-TIME,5.55,1706566042664777472,490.94,SPY,REAL-TIME,0.13936705271753097,0.1730643155894643,0.04938012918207444,-0.3249886574522392,0.1014252654667735
497.335,3719,0.21,161.538,0.34,0.5,1.7065044e+18,0.1,0.13,0.13,4124.0,0.2693,call,american,2024-01-31,100,497,O:SPY240131C00497000,0.34,451,325,0.33,381,325,1706562880291152896,0.335,REAL-TIME,1.7065628832615823e+18,[209],0.34,1.0,309.0,REAL-TIME,6.395,1706566042664777472,490.94,SPY,REAL-TIME,0.13993186836833763,0.12781683811363131,0.04051351178809839,-0.26806674550694753,0.06792593433428651
498.225,1518,0.14,155.556,0.23,0.34,1.7065044e+18,0.06,0.08,0.09,3707.0,0.1853,call,american,2024-01-31,100,498,O:SPY240131C00498000,0.23,1250,325,0.22,185,325,1706562899921927936,0.225,REAL-TIME,1.7065628965677873e+18,[209],0.23,1.0,300.0,REAL-TIME,7.285,1706566042664777472,490.94,SPY,REAL-TIME,0.13887127664805815,0.09165252448342696,0.03179436709037369,-0.206856185328367,0.06827391919574109
499.145,2410,0.08,133.333,0.14,0.24,1.7065044e+18,0.05,0.05,0.06,1984.0,0.1611,call,american,2024-01-31,100,499,O:SPY240131C00499000,0.15,2163,325,0.14,731,325,1706562861284001280,0.145,REAL-TIME,1.7065627586765238e+18,[233],0.14,6.0,312.0,REAL-TIME,8.205,1706566042664777472,490.94,SPY,REAL-TIME,0.13921962274137742,0.06342853212673683,0.024114412139740922,-0.1573697802686001,0.03970936421090316
500.085,18014,0.04,80.0,0.09,0.16,1.7065044e+18,0.03,0.03,0.05,9095.0,0.08571,call,american,2024-01-31,100,500,O:SPY240131C00500000,0.09,372,325,0.08,2462,325,1706562871770909952,0.085,REAL-TIME,1.7065628793658982e+18,[209],0.09,99.0,319.0,REAL-TIME,9.145,1706566042664777472,490.94,SPY,REAL-TIME,0.13692633296759885,0.04029494250209794,0.01695561128199814,-0.10690019179829244,0.03994305632826219
501.055,2996,0.01,25.0,0.05,0.11,1.7065044e+18,0.02,0.03,0.04,717.0,0.0487,call,american,2024-01-31,100,501,O:SPY240131C00501000,0.06,1422,325,0.05,2600,325,1706562899921927936,0.055,REAL-TIME,1.7065627586765238e+18,[233],0.05,6.0,312.0,REAL-TIME,10.115,1706566042664777472,490.94,SPY,REAL-TIME,0.13849813850987694,0.0273097598913777,0.012190606575190239,-0.0785210054745792,0.020050782857484347
502.035,3173,0.01,33.333,0.04,0.08,1.7065044e+18,0.02,0.02,0.03,434.0,0.0365,call,american,2024-01-31,100,502,O:SPY240131C00502000,0.04,2323,313,0.03,2632,308,1706562508649899520,0.035,REAL-TIME,1.7065622586800617e+18,[209],0.04,1.0,304.0,REAL-TIME,11.095,1706566042664777472,490.94,SPY,REAL-TIME,0.1395582961054065,0.018019553854945296,0.008446083769409762,-0.05518089856332611,0.020133574479487923
504.025,1939,0.0,0.0,0.03,0.04,1.7065044e+18,0.01,0.02,0.03,1050.0,0.02683,call,american,2024-01-31,100,504,O:SPY240131C00504000,0.03,3894,316,0.02,2453,316,1706562769747628288,0.025,REAL-TIME,1.7065622932750743e+18,[227],0.03,198.0,302.0,REAL-TIME,13.085,1706566042664777472,490.94,SPY,REAL-TIME,0.1555084738915222,0.01223576652188834,0.00550099956514874,-0.04451163119866726,0.00862794618754094
505.015,5233,-0.01,-33.3,0.02,0.03,1.7065044e+18,0.01,0.02,0.03,333.0,0.02315,call,american,2024-01-31,100,505,O:SPY240131C00505000,0.02,2892,323,0.01,4831,323,1706562825634213120,0.015,REAL-TIME,1.7065626154849815e+18,[209],0.02,1.0,301.0,REAL-TIME,14.075,1706566042664777472,490.94,SPY,REAL-TIME,0.15357071680689235,0.007674550444487586,0.0036399343195040452,-0.02871271641714971,0.008671311842013954
506.015,181,0.0,0.0,0.02,0.02,1.7065044e+18,0.01,0.01,0.02,2209.0,0.01993,call,american,2024-01-31,100,506,O:SPY240131C00506000,0.02,3990,323,0.01,3474,323,1706562899773308928,0.015,REAL-TIME,1.706562022040534e+18,[209],0.02,234.0,301.0,REAL-TIME,15.075,1706566042664777472,490.94,SPY,REAL-TIME,0.16316143052744175,0.007261303827988978,0.00326142958630633,-0.029016464685462935,0.0086605804172125
508.015,1232,-0.01,-33.3,0.02,0.02,1.7065044e+18,0.01,0.01,0.03,45.0,0.01289,call,american,2024-01-31,100,508,O:SPY240131C00508000,0.02,8607,322,0.01,2960,316,1706562831336007168,0.015,REAL-TIME,1.7065602648606449e+18,[209],0.02,8.0,309.0,REAL-TIME,17.075,1706566042664777472,490.94,SPY,REAL-TIME,0.18227085977054672,0.006567088443445051,0.002671872875394746,-0.02962408363577674,0.008644505269738992
510.015,3837,0.0,0.0,0.02,0.02,1.7065044e+18,0.01,0.01,0.02,371.0,0.01081,call,american,2024-01-31,100,510,O:SPY240131C00510000,0.02,8731,322,0.01,2795,316,1706562608085337088,0.015,REAL-TIME,1.7065618309377362e+18,[236],0.02,10.0,301.0,REAL-TIME,19.075,1706566042664777472,490.94,SPY,REAL-TIME,0.20128973151538743,0.0060066563036437716,0.002238278132876363,-0.03023181674452367,0.008634126429420675
512.015,372,0.0,0.0,0.01,0.01,1.7065044e+18,0.01,0.01,0.01,32.0,0.01,call,american,2024-01-31,100,512,O:SPY240131C00512000,0.02,7012,322,0.01,1433,322,1706562155602851072,0.015,REAL-TIME,1.7065612908701617e+18,[209],0.01,10.0,301.0,REAL-TIME,21.075,1706566042664777472,490.94,SPY,REAL-TIME,0.22022275949330597,0.005544694790057796,0.0019093164204056258,-0.030839622654052306,0.008628088535879886
514.005,3013,0.0,0.0,0.01,0.01,1.7065044e+18,0.01,0.01,0.01,42.0,0.01,call,american,2024-01-31,100,514,O:SPY240131C00514000,0.01,2519,313,0.0,0,325,1706562780452178176,0.005,REAL-TIME,1.7065625036368934e+18,[209],0.01,2.0,301.0,REAL-TIME,23.065,1706566042664777472,490.94,SPY,REAL-TIME,0.2390733298823097,0.005157337430937093,0.0016532967176639372,-0.03144747265738355,0.008625339774142024
515.005,664,0.0,0.0,0.01,0.01,1.7065044e+18,0.01,0.01,0.01,19.0,0.01,call,american,2024-01-31,100,515,O:SPY240131C00515000,0.01,2449,313,0.0,0,307,1706561995052525568,0.005,REAL-TIME,1.7065628661762028e+18,[209],0.01,19.0,301.0,REAL-TIME,24.065,1706566042664777472,490.94,SPY,REAL-TIME,0.2484685139031339,0.004986207948073964,0.0015459471721399986,-0.03175140747249636,0.008625008072131922
516.005,3105,0.0,0.0,0.02,0.02,1.7059572e+18,0.01,0.02,0.02,148.0,0.0193,call,american,2024-01-31,100,516,O:SPY240131C00516000,0.01,2973,323,0.0,0,313,1706562001143920896,0.005,REAL-TIME,1.705944677636e+18,[209],0.02,5.0,319.0,REAL-TIME,25.065,1706566042664777472,490.94,SPY,REAL-TIME,0.2578441450845867,0.004827901327483188,0.0014497695711527703,-0.032055559586041844,0.008625269516758254
518.005,866,0.0,0.0,0.01,0.01,1.70613e+18,0.01,0.01,0.01,815.0,0.01,call,american,2024-01-31,100,518,O:SPY240131C00518000,0.01,3882,322,0.0,0,312,1706562228583563264,0.005,REAL-TIME,1.706106912638e+18,[233],0.01,33.0,302.0,REAL-TIME,27.065,1706566042664777472,490.94,SPY,REAL-TIME,0.27653675767136954,0.004544222659570118,0.0012850091619198616,-0.03266324998732891,0.008627228978084824
520.01,10777,0.0,0.0,0.01,0.01,1.7063028e+18,0.01,0.01,0.01,5.0,0.01,call,american,2024-01-31,100,520,O:SPY240131C00520000,0.02,186,307,0.0,0,307,1706538600092243200,0.01,REAL-TIME,1.706286571226e+18,[209],0.01,5.0,300.0,REAL-TIME,29.07,1706566042664777472,490.94,SPY,REAL-TIME,0.29503418639254037,0.004297465110218519,0.0011495653509017406,-0.033244367270229086,0.0031385893269106767
522.005,24715,0.0,0.0,0.01,0.01,1.7063028e+18,0.01,0.01,0.01,1807.0,0.01,call,american,2024-01-31,100,522,O:SPY240131C00522000,0.01,3192,313,0.0,0,313,1706557888198550528,0.005,REAL-TIME,1.70629933365e+18,[227],0.01,100.0,312.0,REAL-TIME,31.065,1706566042664777472,490.94,SPY,REAL-TIME,0.31153666844825967,0.004079268130767276,0.0010359956949987348,-0.033393815078505605,0.0031413815912869837
524.005,20,0.0,0.0,0.01,0.01,1.70613e+18,0.01,0.01,0.01,20.0,0.01,call,american,2024-01-31,100,524,O:SPY240131C00524000,0.01,4471,322,0.0,0,312,1706562228583563264,0.005,REAL-TIME,1.706114151279e+18,[232],0.01,20.0,304.0,REAL-TIME,33.065,1706566042664777472,490.94,SPY,REAL-TIME,0.32796891679562973,0.0038837901249215044,0.0009392568030253759,-0.03354325714052413,0.0031443931784762087
525.005,11338,0.0,0.0,0.01,0.01,1.7063028e+18,0.01,0.01,0.01,500.0,0.01,call,american,2024-01-31,100,525,O:SPY240131C00525000,0.01,3015,313,0.0,0,316,1706558433887002368,0.005,REAL-TIME,1.706299921155e+18,[209],0.01,14.0,319.0,REAL-TIME,34.065,1706566042664777472,490.94,SPY,REAL-TIME,0.33615921098769375,0.003793487367887502,0.0008961649981709573,-0.033617975504089063,0.003145991092895302
526.005,7610,0.0,0.0,0.01,0.01,1.7063028e+18,0.01,0.01,0.01,1.0,0.01,call,american,2024-01-31,100,526,O:SPY240131C00526000,0.01,5358,308,0.0,0,325,1706562065562852864,0.005,REAL-TIME,1.706279400923e+18,[209],0.01,1.0,315.0,REAL-TIME,35.065,1706566042664777472,490.94,SPY,REAL-TIME,0.344332526961148,0.003707650556138715,0.0008561402833191089,-0.03369269183389711,0.0031476276646285966
530.005,3057,0.0,0.0,0.01,0.01,1.7060436e+18,0.01,0.01,0.01,2.0,0.01,call,american,2024-01-31,100,530,O:SPY240131C00530000,0.01,3826,308,0.0,0,300,1706561696205117440,0.005,REAL-TIME,1.706030505309e+18,[209],0.01,2.0,301.0,REAL-TIME,39.065,1706566042664777472,490.94,SPY,REAL-TIME,0.37685918383447553,0.0034029231331103374,0.0007214173629857288,-0.03399153345879284,0.0031546768060666335
535.005,444,0.0,0.0,0.01,0.01,1.7059572e+18,0.01,0.01,0.01,10.0,0.01,call,american,2024-01-31,100,535,O:SPY240131C00535000,0.01,3942,313,0.0,0,302,1706561999925293568,0.005,REAL-TIME,1.705935861696e+18,[232],0.01,10.0,312.0,REAL-TIME,44.065,1706566042664777472,490.94,SPY,REAL-TIME,0.41715281352877714,0.003091316888319743,0.0005955430807059672,-0.034365021575635965,0.0031643062842042296
540.005,1256,0.0,0.0,0.01,0.01,1.7063028e+18,0.01,0.01,0.01,1.0,0.01,call,american,2024-01-31,100,540,O:SPY240131C00540000,0.01,4285,313,0.0,0,300,1706561999919258880,0.005,REAL-TIME,1.706282154376e+18,[232],0.01,1.0,302.0,REAL-TIME,49.065,1706566042664777472,490.94,SPY,REAL-TIME,0.45705441786123585,0.0028369082187592338,0.0005016888492517728,-0.03473842466596919,0.0031746403190738414
545.005,708,0.0,0.0,0.01,0.01,1.7050068e+18,0.01,0.01,0.01,1.0,0.01,call,american,2024-01-31,100,545,O:SPY240131C00545000,0.01,4618,322,0.0,0,319,1706562007239208704,0.005,REAL-TIME,1.704983400824e+18,[219],0.01,1.0,303.0,REAL-TIME,54.065,1706566042664777472,490.94,SPY,REAL-TIME,0.4965756875202423,0.002625270511560356,0.00042971949031842135,-0.03511173016658961,0.0031855073011804076
550.005,0,,,,,,,,,,,call,american,2024-01-31,100,550,O:SPY240131C00550000,0.01,4701,322,0.0,0,319,1706562007239279872,0.005,REAL-TIME,,,,,,,59.065,1706566042664777472,490.94,SPY,REAL-TIME,,,,,
555.005,0,,,,,,,,,,,call,american,2024-01-31,100,555,O:SPY240131C00555000,0.01,4705,322,0.0,0,319,1706562007239288320,0.005,REAL-TIME,,,,,,,64.065,1706566042664777472,490.94,SPY,REAL-TIME,,,,,
560.005,0,,,0.01,0.01,1.7065044e+18,0.01,0.01,,1.0,0.01,call,american,2024-01-31,100,560,O:SPY240131C00560000,0.01,7998,322,0.0,0,319,1706562220330634240,0.005,REAL-TIME,1.7065396908389286e+18,[232],0.01,1.0,308.0,REAL-TIME,69.065,1706566042664777472,490.94,SPY,REAL-TIME,,,,,
