break_even_price,implied_volatility,open_interest,day.change,day.change_percent,day.close,day.high,day.last_updated,day.low,day.open,day.previous_close,day.volume,day.vwap,details.contract_type,details.exercise_style,details.expiration_date,details.shares_per_contract,details.strike_price,details.ticker,greeks.delta,greeks.gamma,greeks.theta,greeks.vega,last_quote.ask,last_quote.ask_size,last_quote.ask_exchange,last_quote.bid,last_quote.bid_size,last_quote.bid_exchange,last_quote.last_updated,last_quote.midpoint,last_quote.timeframe,last_trade.sip_timestamp,last_trade.conditions,last_trade.price,last_trade.size,last_trade.exchange,last_trade.timeframe,underlying_asset.change_to_break_even,underlying_asset.last_updated,underlying_asset.price,underlying_asset.ticker,underlying_asset.timeframe
405.995,1.201574974724122,145,0.0,0.0,0.01,0.01,1.7062164e+18,0.01,0.01,0.01,25.0,0.01,put,american,2024-01-30,100,406,O:SPY240130P00406000,-0.0015135987746929778,0.00014820367480433255,-0.07057763949199762,0.001958212614237123,0.01,7287,308,0.0,0,303,1706562163998703360,0.005,REAL-TIME,1.706194723344e+18,[209],0.01,25.0,304.0,REAL-TIME,-84.9,1706566042664777472,490.94,SPY,REAL-TIME
406.995,1.1869171821997895,0,,,0.01,0.01,1.7065044e+18,0.01,0.01,,1.0,0.01,put,american,2024-01-30,100,407,O:SPY240130P00407000,-0.00153105152496034,0.00015158662250938393,-0.07043703535432627,0.001960542070801937,0.01,7672,308,0.0,0,304,1706562163989902592,0.005,REAL-TIME,1.7065404075921408e+18,[233],0.01,1.0,302.0,REAL-TIME,-83.9,1706566042664777472,490.94,SPY,REAL-TIME
407.995,1.1722955953731191,0,,,,,,,,,,,put,american,2024-01-30,100,408,O:SPY240130P00408000,-0.001548892409145272,0.0001550838879916262,-0.07029640708030047,0.0019628634954739453,0.01,4179,313,0.0,0,315,1706561999914966272,0.005,REAL-TIME,,,,,,,-82.9,1706566042664777472,490.94,SPY,REAL-TIME
408.995,1.1577100402913407,0,,,,,,,,,,,put,american,2024-01-30,100,409,O:SPY240130P00409000,-0.0015671347086903963,0.00015870069589998616,-0.07015575505509553,0.001965182059287951,0.01,4130,313,0.0,0,315,1706561999919146496,0.005,REAL-TIME,,,,,,,-81.9,1706566042664777472,490.94,SPY,REAL-TIME
409.995,1.143160344442404,2,0.0,0.0,0.01,0.01,1.7065044e+18,0.01,0.01,0.01,4.0,0.01,put,american,2024-01-30,100,410,O:SPY240130P00410000,-0.0015857923170457555,0.00016244257312527212,-0.07001507965822987,0.001967494105035535,0.01,4940,323,0.0,0,313,1706562508633792512,0.005,REAL-TIME,1.7065555749496553e+18,[209],0.01,2.0,300.0,REAL-TIME,-80.9,1706566042664777472,490.94,SPY,REAL-TIME
410.995,1.1286463369938209,0,,,,,,,,,,,put,american,2024-01-30,100,411,O:SPY240130P00411000,-0.0016048797753199953,0.00016631537003517115,-0.06987438129347194,0.001969799308852048,0.01,4936,323,0.0,0,313,1706562508633792512,0.005,REAL-TIME,,,,,,,-79.9,1706566042664777472,490.94,SPY,REAL-TIME
411.995,1.1141678489128868,19,0.0,0.0,0.01,0.01,1.7063028e+18,0.01,0.01,0.01,1.0,0.01,put,american,2024-01-30,100,412,O:SPY240130P00412000,-0.0016244123104884787,0.00017032528347378568,-0.06973366040706387,0.001972097831055975,0.01,5088,313,0.0,0,323,1706561992063610368,0.005,REAL-TIME,1.706303280005e+18,[209],0.01,1.0,312.0,REAL-TIME,-78.9,1706566042664777472,490.94,SPY,REAL-TIME
412.995,1.0997247112102948,0,,,,,,,,,,,put,american,2024-01-30,100,413,O:SPY240130P00413000,-0.0016444058762487127,0.0001744788816842039,-0.06959291726605178,0.0019743905957057407,0.01,7631,308,0.0,0,303,1706562163999074816,0.005,REAL-TIME,,,,,,,-77.9,1706566042664777472,490.94,SPY,REAL-TIME
413.995,1.0853167573888718,10,0.0,0.0,0.01,0.01,1.7063028e+18,0.01,0.01,0.01,5.0,0.01,put,american,2024-01-30,100,414,O:SPY240130P00414000,-0.0016648771969259087,0.00017878313135690188,-0.06945215226393231,0.001976677891926442,0.01,3815,313,0.0,0,300,1706561999919146496,0.005,REAL-TIME,1.706279405226e+18,[209],0.01,5.0,316.0,REAL-TIME,-76.9,1706566042664777472,490.94,SPY,REAL-TIME
414.995,1.0709438220591343,4,0.0,0.0,0.03,0.03,1.7059572e+18,0.03,0.03,0.03,4.0,0.03,put,american,2024-01-30,100,415,O:SPY240130P00415000,-0.0016858438145102446,0.00018324542699646419,-0.06931136574700884,0.001978957535566736,0.01,3738,313,0.0,0,304,1706561999919141376,0.005,REAL-TIME,1.705936602909e+18,[209],0.03,1.0,301.0,REAL-TIME,-75.9,1706566042664777472,490.94,SPY,REAL-TIME
415.995,1.056605741748633,0,,,,,,,,,,,put,american,2024-01-30,100,416,O:SPY240130P00416000,-0.00170732413930572,0.0001878736228564259,-0.06917055812054752,0.001981231140793544,0.01,3654,313,0.0,0,300,1706561999919160832,0.005,REAL-TIME,,,,,,,-74.9,1706566042664777472,490.94,SPY,REAL-TIME
416.995,1.042302353999785,0,,,,,,,,,,,put,american,2024-01-30,100,417,O:SPY240130P00417000,-0.0017293375042290008,0.0001926760676757849,-0.06902972972980317,0.0019834991872813373,0.01,3565,313,0.0,0,300,1706561999919160832,0.005,REAL-TIME,,,,,,,-73.9,1706566042664777472,490.94,SPY,REAL-TIME
417.995,1.028033498058583,185,0.0,0.0,0.02,0.02,1.7063028e+18,0.02,0.02,0.02,10.0,0.02,put,american,2024-01-30,100,418,O:SPY240130P00418000,-0.001751904223356153,0.0001976616425279893,-0.06888888095010569,0.0019857596962000994,0.01,3470,313,0.0,0,300,1706561999919160832,0.005,REAL-TIME,1.70630198006e+18,[227],0.02,10.0,300.0,REAL-TIME,-72.9,1706566042664777472,490.94,SPY,REAL-TIME
418.995,1.0137990145372768,0,,,,,,,,,,,put,american,2024-01-30,100,419,O:SPY240130P00419000,-0.0017750456549328992,0.00020283980208883162,-0.06874801214220769,0.00198801489970668,0.01,5202,323,0.0,0,319,1706562220371420160,0.005,REAL-TIME,,,,,,,-71.9,1706566042664777472,490.94,SPY,REAL-TIME
419.995,0.9995987454942608,2,0.0,0.0,0.01,0.01,1.7063028e+18,0.01,0.01,0.01,1.0,0.01,put,american,2024-01-30,100,420,O:SPY240130P00420000,-0.001798784269311035,0.00020822061968653023,-0.06860712366184168,0.0019902614887048506,0.01,5158,323,0.0,0,319,1706562220840027904,0.005,REAL-TIME,1.706302534078e+18,[209],0.01,1.0,319.0,REAL-TIME,-70.9,1706566042664777472,490.94,SPY,REAL-TIME
420.995,0.9854325341795881,9,0.0,0.0,0.01,0.01,1.7063028e+18,0.01,0.01,0.01,9.0,0.01,put,american,2024-01-30,100,421,O:SPY240130P00421000,-0.0018231437222361133,0.00021381483653246152,-0.06846621582269458,0.0019925042394023443,0.01,5175,323,0.0,0,319,1706562220480857088,0.005,REAL-TIME,1.706298781849e+18,[209],0.01,8.0,301.0,REAL-TIME,-69.9,1706566042664777472,490.94,SPY,REAL-TIME
421.995,0.9713002258780852,131,0.0,0.0,0.02,0.02,1.7063028e+18,0.01,0.01,0.02,131.0,0.0169,put,american,2024-01-30,100,422,O:SPY240130P00422000,-0.001848148934050734,0.00021963391558829786,-0.06832528901236962,0.001994734892751194,0.01,3108,313,0.0,0,304,1706561999919260160,0.005,REAL-TIME,1.706290855637e+18,[233],0.02,1.0,308.0,REAL-TIME,-68.9,1706566042664777472,490.94,SPY,REAL-TIME
422.995,0.9572016670592228,11,0.0,0.0,0.03,0.03,1.7062164e+18,0.03,0.03,0.03,10.0,0.03,put,american,2024-01-30,100,423,O:SPY240130P00423000,-0.001873826175295879,0.0002256901005670991,-0.06818434357425318,0.001996962587199202,0.01,5166,323,0.0,0,319,1706562220370918912,0.005,REAL-TIME,1.706211695499e+18,[227],0.03,10.0,300.0,REAL-TIME,-67.9,1706566042664777472,490.94,SPY,REAL-TIME
423.995,0.9431366535315194,10,0.0,0.0,0.02,0.02,1.7062164e+18,0.02,0.02,0.02,10.0,0.02,put,american,2024-01-30,100,424,O:SPY240130P00424000,-0.0019002020234955685,0.00023199636679707627,-0.06804333893229117,0.0019991817748817847,0.01,5182,323,0.0,0,319,1706562220851649024,0.005,REAL-TIME,1.706215863384e+18,[209],0.02,10.0,320.0,REAL-TIME,-66.9,1706566042664777472,490.94,SPY,REAL-TIME
424.995,0.9291051916523924,6,0.0,0.0,0.02,0.02,1.70613e+18,0.02,0.02,0.02,5.0,0.02,put,american,2024-01-30,100,425,O:SPY240130P00425000,-0.0019273091427926936,0.00023856706147526292,-0.06790239822733446,0.0020013929380741356,0.01,3020,313,0.0,0,304,1706561999919276544,0.005,REAL-TIME,1.706125510382e+18,[209],0.02,1.0,319.0,REAL-TIME,-65.9,1706566042664777472,490.94,SPY,REAL-TIME
425.995,0.9151069753923813,17,0.0,0.0,0.02,0.02,1.7062164e+18,0.01,0.01,0.02,8.0,0.0188,put,american,2024-01-30,100,426,O:SPY240130P00426000,-0.0019551750343506534,0.00024541684337654924,-0.06776139896425526,0.002003594582461369,0.01,4885,308,0.0,0,320,1706562065563184896,0.005,REAL-TIME,1.706208858379e+18,[209],0.02,1.0,309.0,REAL-TIME,-64.9,1706566042664777472,490.94,SPY,REAL-TIME
426.995,0.9011419098357175,1,0.0,0.0,0.04,0.04,1.7059572e+18,0.04,0.04,0.04,1.0,0.04,put,american,2024-01-30,100,427,O:SPY240130P00427000,-0.001983833513043863,0.0002525619072506082,-0.06762038244130164,0.0020057933450495693,0.01,4676,308,0.0,0,320,1706562065563212288,0.005,REAL-TIME,1.705948318642e+18,[209],0.04,1.0,301.0,REAL-TIME,-63.9,1706566042664777472,490.94,SPY,REAL-TIME
427.995,0.887209848957057,9,0.0,0.0,0.02,0.02,1.7062164e+18,0.02,0.02,0.02,6.0,0.02,put,american,2024-01-30,100,428,O:SPY240130P00428000,-0.0020133191567332756,0.0002600195094111228,-0.06747934896091629,0.0020079781451508415,0.01,5148,323,0.0,0,319,1706562220403949056,0.005,REAL-TIME,1.706197742738e+18,[209],0.02,4.0,320.0,REAL-TIME,-62.9,1706566042664777472,490.94,SPY,REAL-TIME
428.995,0.8733106485824824,0,,,,,,,,,,,put,american,2024-01-30,100,429,O:SPY240130P00429000,-0.00204366858198267,0.00026780818621230715,-0.06733829886002875,0.0020101625954906453,0.01,4568,322,0.0,0,319,1706562228583927552,0.005,REAL-TIME,,,,,,,-61.9,1706566042664777472,490.94,SPY,REAL-TIME
429.995,0.8594441661832372,76,0.0,0.0,0.02,0.02,1.7062164e+18,0.02,0.02,0.02,9.0,0.02,put,american,2024-01-30,100,430,O:SPY240130P00430000,-0.0020749205964580696,0.0002759478697129111,-0.06719723247573203,0.002012331692979546,0.01,4803,322,0.0,0,319,1706562100188694272,0.005,REAL-TIME,1.706194133389e+18,[209],0.02,9.0,319.0,REAL-TIME,-60.9,1706566042664777472,490.94,SPY,REAL-TIME
430.995,0.8456102608774376,40,0.0,0.0,0.02,0.02,1.70613e+18,0.02,0.02,0.02,40.0,0.02,put,american,2024-01-30,100,431,O:SPY240130P00431000,-0.0021071163652092648,0.00028446001571927527,-0.06705615014090438,0.0020144927827188573,0.01,4615,322,0.0,0,316,1706562100188697856,0.005,REAL-TIME,1.706107285059e+18,[219],0.02,10.0,325.0,REAL-TIME,-59.9,1706566042664777472,490.94,SPY,REAL-TIME
431.995,0.8318087932621796,0,,,,,,,,,,,put,american,2024-01-30,100,432,O:SPY240130P00432000,-0.0021402995922785175,0.0002933677457387007,-0.06691505215046241,0.0020166495743224964,0.01,3310,322,0.0,0,320,1706562141818827776,0.005,REAL-TIME,,,,,,,-58.9,1706566042664777472,490.94,SPY,REAL-TIME
432.995,0.8180396262209734,3,0.0,0.0,0.02,0.02,1.70613e+18,0.02,0.02,0.02,2.0,0.02,put,american,2024-01-30,100,433,O:SPY240130P00433000,-0.0021745167194259073,0.0003026960046103539,-0.06677393888540377,0.002018792031542547,0.01,4290,322,0.0,0,320,1706562065563184896,0.005,REAL-TIME,1.706106901975e+18,[209],0.02,2.0,316.0,REAL-TIME,-57.9,1706566042664777472,490.94,SPY,REAL-TIME
433.995,0.8043026238081027,1,0.0,0.0,0.04,0.04,1.7060436e+18,0.04,0.04,0.04,1.0,0.04,put,american,2024-01-30,100,434,O:SPY240130P00434000,-0.0022098171437227023,0.0003124717358045627,-0.06663281062592018,0.0020209303007553184,0.01,4254,322,0.0,0,320,1706562065563212288,0.005,REAL-TIME,1.706023866268e+18,[209],0.04,1.0,304.0,REAL-TIME,-56.9,1706566042664777472,490.94,SPY,REAL-TIME
434.995,0.7905973796177319,17,0.0,0.0,0.02,0.02,1.70613e+18,0.02,0.02,0.02,1.0,0.02,put,american,2024-01-30,100,435,O:SPY240130P00435000,-0.002246246414645107,0.00032272325201294,-0.06649145191981447,0.0020230550238818936,0.01,4203,322,0.0,0,320,1706562065563184896,0.005,REAL-TIME,1.706109760598e+18,[209],0.02,1.0,309.0,REAL-TIME,-55.9,1706566042664777472,490.94,SPY,REAL-TIME
435.995,0.7769249900111035,226,-0.01,-50.0,0.01,0.01,1.7065044e+18,0.01,0.01,0.02,5.0,0.01,put,american,2024-01-30,100,436,O:SPY240130P00436000,-0.002283892476410931,0.00033348585737591393,-0.06635083540342139,0.0020251704510976,0.01,4024,322,0.0,0,316,1706562089671851776,0.005,REAL-TIME,1.7065432402778312e+18,[209],0.01,5.0,301.0,REAL-TIME,-54.9,1706566042664777472,490.94,SPY,REAL-TIME
436.995,0.7632832756708616,0,,,,,,,,,,,put,american,2024-01-30,100,437,O:SPY240130P00437000,-0.0023227616797034563,0.00034478743979683734,-0.06620933911413744,0.0020272804738825315,0.01,3020,323,0.0,0,316,1706561997229315584,0.005,REAL-TIME,,,,,,,-53.9,1706566042664777472,490.94,SPY,REAL-TIME
437.995,0.7496736125202432,10,0.0,0.0,0.03,0.03,1.70613e+18,0.03,0.03,0.03,10.0,0.03,put,american,2024-01-30,100,438,O:SPY240130P00438000,-0.0023629572368742903,0.0003566697992976719,-0.06606815404645529,0.0020293785478804434,0.01,3862,313,0.0,0,316,1706561943732484352,0.005,REAL-TIME,1.7061291664e+18,[209],0.03,5.0,316.0,REAL-TIME,-52.9,1706566042664777472,490.94,SPY,REAL-TIME
438.995,0.7360954639202344,215,0.0,0.0,0.03,0.03,1.70613e+18,0.03,0.03,0.03,217.0,0.03,put,american,2024-01-30,100,439,O:SPY240130P00439000,-0.002404536643170844,0.0003691720218581767,-0.06592695548057374,0.0020314662389370832,0.01,2573,323,0.0,0,316,1706561997228584960,0.005,REAL-TIME,1.706129537704e+18,[209],0.03,1.0,319.0,REAL-TIME,-51.9,1706566042664777472,490.94,SPY,REAL-TIME
439.995,0.7225487065311257,332,0.0,0.0,0.01,0.01,1.7065044e+18,0.01,0.01,0.01,1.0,0.01,put,american,2024-01-30,100,440,O:SPY240130P00440000,-0.0024475729666568477,0.00038233805240229656,-0.06578574378064139,0.002033542093123843,0.01,2498,313,0.0,0,316,1706561997228584960,0.005,REAL-TIME,1.7065428743537587e+18,[233],0.01,1.0,302.0,REAL-TIME,-50.9,1706566042664777472,490.94,SPY,REAL-TIME
440.995,0.7090332190147113,606,0.0,0.0,0.03,0.03,1.7062164e+18,0.03,0.03,0.03,606.0,0.03,put,american,2024-01-30,100,441,O:SPY240130P00441000,-0.0024921445051927244,0.0003962158012979919,-0.06564451925723096,0.0020355991111070597,0.01,2451,313,0.0,0,309,1706562089671855616,0.005,REAL-TIME,1.706203322417e+18,[209],0.03,202.0,309.0,REAL-TIME,-49.9,1706566042664777472,490.94,SPY,REAL-TIME
441.995,0.6955488825284428,10,0.0,0.0,0.03,0.03,1.70613e+18,0.03,0.03,0.03,10.0,0.03,put,american,2024-01-30,100,442,O:SPY240130P00442000,-0.0025383352624026665,0.00041085758153447605,-0.06550328223530912,0.002037650614357143,0.01,2586,323,0.0,0,308,1706562000608234240,0.005,REAL-TIME,1.7061284653e+18,[209],0.03,5.0,301.0,REAL-TIME,-48.9,1706566042664777472,490.94,SPY,REAL-TIME
442.995,0.6820955807695035,406,0.0,0.0,0.03,0.03,1.7062164e+18,0.03,0.03,0.03,406.0,0.03,put,american,2024-01-30,100,443,O:SPY240130P00443000,-0.002586235476499796,0.00042632060315070543,-0.0653620330394626,0.0020396925655287433,0.01,2508,323,0.0,0,308,1706562000622047232,0.005,REAL-TIME,1.706215210345e+18,[209],0.03,1.0,301.0,REAL-TIME,-47.9,1706566042664777472,490.94,SPY,REAL-TIME
443.995,0.6686731995167308,204,0.0,0.0,0.04,0.04,1.7062164e+18,0.03,0.03,0.04,210.0,0.0303,put,american,2024-01-30,100,444,O:SPY240130P00444000,-0.002635942208998427,0.00044266753364926567,-0.06522077187694339,0.002041718799528974,0.01,4664,323,0.0,0,302,1706562186984949248,0.005,REAL-TIME,1.706207580893e+18,[227],0.04,1.0,300.0,REAL-TIME,-46.9,1706566042664777472,490.94,SPY,REAL-TIME
444.995,0.655281627882276,3,0.0,0.0,0.01,0.02,1.7065044e+18,0.01,0.01,0.01,118.0,0.01085,put,american,2024-01-30,100,445,O:SPY240130P00445000,-0.0026875600013692756,0.00045996713465113826,-0.06507949904534968,0.002043736190918951,0.01,2773,322,0.0,0,300,1706562416338396416,0.005,REAL-TIME,1.7065504966653594e+18,[236],0.01,8.0,308.0,REAL-TIME,-45.9,1706566042664777472,490.94,SPY,REAL-TIME
445.995,0.6419207582475965,71,0.0,0.0,0.02,0.02,1.7063028e+18,0.02,0.02,0.02,4.0,0.02,put,american,2024-01-30,100,446,O:SPY240130P00446000,-0.0027412016088349173,0.00047829498685352895,-0.0649382148909242,0.002045731293677783,0.01,5124,313,0.0,0,316,1706562526753495808,0.005,REAL-TIME,1.706281845287e+18,[232],0.02,2.0,304.0,REAL-TIME,-44.9,1706566042664777472,490.94,SPY,REAL-TIME
446.995,0.62859048541975,168,0.0,0.0,0.02,0.02,1.7063028e+18,0.02,0.02,0.02,124.0,0.02,put,american,2024-01-30,100,447,O:SPY240130P00447000,-0.002796988808797908,0.0004977343156700126,-0.06479691934856886,0.002047718538204681,0.01,3807,322,0.0,0,319,1706562686623877376,0.005,REAL-TIME,1.706283428552e+18,[219],0.02,24.0,323.0,REAL-TIME,-43.9,1706566042664777472,490.94,SPY,REAL-TIME
447.995,0.6152907096097561,23,-0.01,-50.0,0.01,0.01,1.7065044e+18,0.01,0.01,0.02,984.0,0.01,put,american,2024-01-30,100,448,O:SPY240130P00448000,-0.00285505339057011,0.0005183769478708757,-0.06465561375192178,0.0020496934688689424,0.01,4648,323,0.0,0,309,1706562628668643840,0.005,REAL-TIME,1.70655999091167e+18,[219],0.01,45.0,301.0,REAL-TIME,-42.9,1706566042664777472,490.94,SPY,REAL-TIME
448.995,0.6020213320179519,1270,0.0,0.0,0.02,0.02,1.7065044e+18,0.01,0.01,0.02,5477.0,0.01149,put,american,2024-01-30,100,449,O:SPY240130P00449000,-0.002915538058392295,0.0005403243791213671,-0.06451429737714628,0.0020516478283539195,0.01,4648,323,0.0,0,309,1706562628667977472,0.005,REAL-TIME,1.7065610354334188e+18,[227],0.02,1.0,300.0,REAL-TIME,-41.9,1706566042664777472,490.94,SPY,REAL-TIME
449.995,0.5887822594591335,999,0.0,0.0,0.02,0.02,1.7065044e+18,0.01,0.01,0.02,78.0,0.01167,put,american,2024-01-30,100,450,O:SPY240130P00450000,-0.0029785977359988456,0.0005636890434806027,-0.06437297082848917,0.0020535868263507648,0.01,4404,323,0.0,0,319,1706562880406595328,0.005,REAL-TIME,1.7065598139942264e+18,[227],0.02,3.0,300.0,REAL-TIME,-40.9,1706566042664777472,490.94,SPY,REAL-TIME
450.995,0.5755734030489447,782,-0.01,-33.3,0.02,0.02,1.7065044e+18,0.01,0.01,0.03,2.0,0.015,put,american,2024-01-30,100,451,O:SPY240130P00451000,-0.0030444008216786635,0.0005885957465739444,-0.06423163445872075,0.0020555173607821955,0.01,4404,323,0.0,0,309,1706562844847520256,0.005,REAL-TIME,1.706540177124556e+18,[227],0.02,1.0,300.0,REAL-TIME,-39.9,1706566042664777472,490.94,SPY,REAL-TIME
451.995,0.562394678028926,31,0.0,0.0,0.03,0.04,1.70613e+18,0.03,0.04,0.03,31.0,0.0303,put,american,2024-01-30,100,452,O:SPY240130P00452000,-0.003113130700135532,0.0006151833372264729,-0.0640902884920178,0.002057426544659132,0.01,4400,323,0.0,0,309,1706562844943208448,0.005,REAL-TIME,1.706129874626e+18,[227],0.03,30.0,304.0,REAL-TIME,-38.9,1706566042664777472,490.94,SPY,REAL-TIME
452.995,0.5492460052277666,29,-0.02,-66.7,0.01,0.02,1.7065044e+18,0.01,0.02,0.03,92.0,0.01022,put,american,2024-01-30,100,453,O:SPY240130P00453000,-0.003184987444868952,0.0006436066458641156,-0.06394893325145497,0.0020593133663465487,0.01,4400,323,0.0,0,308,1706562844867257600,0.005,REAL-TIME,1.7065622605531346e+18,[232],0.01,2.0,312.0,REAL-TIME,-37.9,1706566042664777472,490.94,SPY,REAL-TIME
453.995,0.5361273109189238,14,-0.01,-50.0,0.01,0.02,1.7065044e+18,0.01,0.02,0.02,2538.0,0.01002,put,american,2024-01-30,100,454,O:SPY240130P00454000,-0.00326018975759471,0.0006740387421063335,-0.06380756901893109,0.002061192477869474,0.01,4396,323,0.0,0,309,1706562844863969536,0.005,REAL-TIME,1.7065622651963604e+18,[209],0.01,419.0,325.0,REAL-TIME,-36.9,1706566042664777472,490.94,SPY,REAL-TIME
454.995,0.5230385276282853,3,-0.07,-87.5,0.01,0.02,1.7065044e+18,0.01,0.01,0.08,47.0,0.01468,put,american,2024-01-30,100,455,O:SPY240130P00455000,-0.0033389771840826297,0.0007066735730085336,-0.06366619609071558,0.0020630433082898065,0.01,4396,323,0.0,0,309,1706562844866671104,0.005,REAL-TIME,1.7065616592072353e+18,[209],0.01,2.0,301.0,REAL-TIME,-35.9,1706566042664777472,490.94,SPY,REAL-TIME
455.995,0.5099795945214496,34,-0.03,-75.0,0.01,0.02,1.7065044e+18,0.01,0.02,0.04,2028.0,0.01,put,american,2024-01-30,100,456,O:SPY240130P00456000,-0.003421612681162474,0.0007417290737866834,-0.0635248161531115,0.002064873893625707,0.01,4392,323,0.0,0,309,1706562844863954688,0.005,REAL-TIME,1.7065622695155546e+18,[209],0.01,20.0,325.0,REAL-TIME,-34.9,1706566042664777472,490.94,SPY,REAL-TIME
456.995,0.4969504583081318,802,-0.01,-50.0,0.01,0.02,1.7065044e+18,0.01,0.02,0.02,16.0,0.015,put,american,2024-01-30,100,457,O:SPY240130P00457000,-0.0035083854574353224,0.0007794507633078404,-0.0633834281821969,0.0020666834853944765,0.01,4388,323,0.0,0,309,1706562844867257600,0.005,REAL-TIME,1.706561405974254e+18,[209],0.01,1.0,319.0,REAL-TIME,-33.9,1706566042664777472,490.94,SPY,REAL-TIME
457.995,0.4839510738325853,2027,-0.03,-75.0,0.01,0.02,1.7065044e+18,0.01,0.02,0.04,2.0,0.015,put,american,2024-01-30,100,458,O:SPY240130P00458000,-0.0035996144505927854,0.0008201161121753393,-0.06324203402338681,0.002068481718671706,0.01,4388,323,0.0,0,309,1706562844867057664,0.005,REAL-TIME,1.7065623001783634e+18,[233],0.01,1.0,302.0,REAL-TIME,-32.9,1706566042664777472,490.94,SPY,REAL-TIME
458.995,0.47098132739710064,25,0.0,0.0,0.02,0.02,1.7063028e+18,0.02,0.02,0.02,2.0,0.02,put,american,2024-01-30,100,459,O:SPY240130P00459000,-0.0036956499905298683,0.0008640394441027988,-0.06310060193585744,0.0020702473136341147,0.01,4384,323,0.0,0,316,1706562844943208448,0.005,REAL-TIME,1.706289484073e+18,[236],0.02,1.0,303.0,REAL-TIME,-31.9,1706566042664777472,490.94,SPY,REAL-TIME
459.995,0.45804128156459384,5060,-0.01,-50.0,0.01,0.02,1.7065044e+18,0.01,0.02,0.02,352.0,0.01006,put,american,2024-01-30,100,460,O:SPY240130P00460000,-0.003796894073457377,0.0009115817717217117,-0.0629593936073774,0.002072146002125192,0.01,5500,323,0.0,0,309,1706562774301992960,0.005,REAL-TIME,1.7065604511209925e+18,[232],0.01,1.0,312.0,REAL-TIME,-30.9,1706566042664777472,490.94,SPY,REAL-TIME
460.985,0.4446770990917376,21,-0.01,-50.0,0.01,0.01,1.7065044e+18,0.01,0.01,0.02,4247.0,0.01,put,american,2024-01-30,100,461,O:SPY240130P00461000,-0.003904162253767228,0.0009633374541913488,-0.06270210494024624,0.0057025200029639815,0.02,18001,322,0.01,1810,313,1706562265217189888,0.015,REAL-TIME,1.7065623929996306e+18,[209],0.01,709.0,325.0,REAL-TIME,-30.0,1706566042664777472,490.94,SPY,REAL-TIME
461.995,0.4302538606978992,40,-0.02,-66.7,0.01,0.02,1.7065044e+18,0.01,0.02,0.03,50.0,0.0158,put,american,2024-01-30,100,462,O:SPY240130P00462000,-0.004017785790504659,0.0010196862094925367,-0.06212683762947112,0.005706665048918241,0.01,4596,323,0.0,0,307,1706562393070893824,0.005,REAL-TIME,1.7065602221264013e+18,[236],0.01,1.0,308.0,REAL-TIME,-28.9,1706566042664777472,490.94,SPY,REAL-TIME
462.985,0.4158625668908133,266,-0.01,-50.0,0.01,0.01,1.7065044e+18,0.01,0.01,0.02,13.0,0.01,put,american,2024-01-30,100,463,O:SPY240130P00463000,-0.004138985044270387,0.0010815103383314305,-0.06155154692914834,0.005710663724505426,0.02,16027,322,0.01,1908,313,1706562265217189888,0.015,REAL-TIME,1.7065625773907607e+18,[209],0.01,10.0,301.0,REAL-TIME,-28.0,1706566042664777472,490.94,SPY,REAL-TIME
463.985,0.40150315640135364,69,-0.01,-50.0,0.01,0.01,1.7065044e+18,0.01,0.01,0.02,3980.0,0.01,put,american,2024-01-30,100,464,O:SPY240130P00464000,-0.004268547850794696,0.0011495620915879033,-0.060976234231125755,0.005714524955149766,0.02,18450,322,0.01,2550,322,1706562262774222336,0.015,REAL-TIME,1.706562623452805e+18,[209],0.01,491.0,316.0,REAL-TIME,-27.0,1706566042664777472,490.94,SPY,REAL-TIME
464.985,0.3871755794284581,802,-0.02,-66.7,0.01,0.02,1.7065044e+18,0.01,0.01,0.03,2379.0,0.01,put,american,2024-01-30,100,465,O:SPY240130P00465000,-0.0044073750834360634,0.0012247289198435657,-0.060400900966746864,0.005718226338416722,0.02,6504,313,0.01,2147,313,1706562629516201728,0.015,REAL-TIME,1.7065626780107538e+18,[209],0.01,20.0,325.0,REAL-TIME,-26.0,1706566042664777472,490.94,SPY,REAL-TIME
465.985,0.3728797999166129,512,-0.01,-33.3,0.02,0.02,1.7065044e+18,0.01,0.01,0.03,5.0,0.014,put,american,2024-01-30,100,466,O:SPY240130P00466000,-0.00455650165779346,0.0013080638734044754,-0.059825548712556825,0.005721721904169613,0.02,6005,302,0.01,2201,313,1706562595375529984,0.015,REAL-TIME,1.7065611211572042e+18,[233],0.02,1.0,302.0,REAL-TIME,-25.0,1706566042664777472,490.94,SPY,REAL-TIME
466.985,0.35861579689982365,983,-0.01,-50.0,0.01,0.02,1.7065044e+18,0.01,0.02,0.02,883.0,0.01007,put,american,2024-01-30,100,467,O:SPY240130P00467000,-0.004717122395008171,0.0014008243090903524,-0.059250178850961135,0.005725051936203845,0.02,9395,322,0.01,2192,313,1706562595470521088,0.015,REAL-TIME,1.706562699450605e+18,[209],0.01,20.0,325.0,REAL-TIME,-24.0,1706566042664777472,490.94,SPY,REAL-TIME
467.985,0.34438356909104056,793,-0.02,-66.7,0.01,0.03,1.7065044e+18,0.01,0.02,0.03,226.0,0.01876,put,american,2024-01-30,100,468,O:SPY240130P00468000,-0.004890624105886861,0.001504521606737952,-0.0586747930782296,0.00572811817634392,0.02,6976,322,0.01,2636,322,1706562595471542784,0.015,REAL-TIME,1.706558456628828e+18,[219],0.01,1.0,312.0,REAL-TIME,-23.0,1706566042664777472,490.94,SPY,REAL-TIME
468.995,0.33018313758504597,565,-0.02,-66.7,0.01,0.03,1.7065044e+18,0.01,0.01,0.03,5158.0,0.01984,put,american,2024-01-30,100,469,O:SPY240130P00469000,-0.005078625711682269,0.0016209856300334173,-0.05809939307158384,0.0057309853974064386,0.01,3692,313,0.0,0,316,1706562706772451584,0.005,REAL-TIME,1.7065622799250916e+18,[236],0.01,10.0,308.0,REAL-TIME,-21.9,1706566042664777472,490.94,SPY,REAL-TIME
469.985,0.31601454929874134,1420,-0.01,-50.0,0.01,0.03,1.7065044e+18,0.01,0.03,0.02,3387.0,0.02318,put,american,2024-01-30,100,470,O:SPY240130P00470000,-0.005283028514892192,0.001752449070443136,-0.05752397721359891,0.0057335844645497805,0.02,7999,323,0.01,3177,323,1706562591417932544,0.015,REAL-TIME,1.706562868127816e+18,[209],0.01,1.0,320.0,REAL-TIME,-21.0,1706566042664777472,490.94,SPY,REAL-TIME
470.985,0.3018778927143087,674,-0.02,-66.7,0.01,0.03,1.7065044e+18,0.01,0.01,0.03,185.0,0.01865,put,american,2024-01-30,100,471,O:SPY240130P00471000,-0.005506082291878956,0.001901659669830163,-0.05694855804101035,0.005735818763639608,0.02,7987,323,0.01,3472,323,1706562591417932544,0.015,REAL-TIME,1.7065628845100454e+18,[209],0.01,25.0,319.0,REAL-TIME,-20.0,1706566042664777472,490.94,SPY,REAL-TIME
471.985,0.2877732858976491,1074,-0.02,-50.0,0.02,0.03,1.7065044e+18,0.01,0.02,0.04,91.0,0.01923,put,american,2024-01-30,100,472,O:SPY240130P00472000,-0.005750464805803528,0.002072029181159859,-0.056373127229154225,0.005737816791342153,0.02,19274,322,0.01,2146,313,1706562678016145920,0.015,REAL-TIME,1.7065620947669645e+18,[209],0.02,1.0,304.0,REAL-TIME,-19.0,1706566042664777472,490.94,SPY,REAL-TIME
472.985,0.27370090680324966,882,-0.02,-66.7,0.01,0.04,1.7065044e+18,0.01,0.03,0.03,1101.0,0.03134,put,american,2024-01-30,100,473,O:SPY240130P00473000,-0.006019392856768969,0.002267837561853067,-0.05579769073732702,0.005739316453678488,0.02,19751,322,0.01,2112,313,1706562678016340992,0.015,REAL-TIME,1.706562092055183e+18,[209],0.01,1.0,309.0,REAL-TIME,-18.0,1706566042664777472,490.94,SPY,REAL-TIME
473.985,0.25966099670882054,1391,-0.03,-75.0,0.01,0.04,1.7065044e+18,0.01,0.03,0.04,1878.0,0.02973,put,american,2024-01-30,100,474,O:SPY240130P00474000,-0.0063167623738592735,0.0024945125212686562,-0.055222252179223136,0.005740448117250841,0.02,9132,323,0.01,2214,323,1706562781547917312,0.015,REAL-TIME,1.7065627387413614e+18,[236],0.01,1.0,308.0,REAL-TIME,-17.0,1706566042664777472,490.94,SPY,REAL-TIME
474.985,0.24565388065127639,1439,-0.03,-75.0,0.01,0.05,1.7065044e+18,0.01,0.03,0.04,2981.0,0.02233,put,american,2024-01-30,100,475,O:SPY240130P00475000,-0.00664733761691913,0.0027590208941955887,-0.054646814869935285,0.005741089458734804,0.02,20368,322,0.01,2016,313,1706562831336499456,0.015,REAL-TIME,1.7065618995443604e+18,[209],0.01,1.0,319.0,REAL-TIME,-16.0,1706566042664777472,490.94,SPY,REAL-TIME
475.985,0.23167999204628684,1951,-0.03,-75.0,0.01,0.05,1.7065044e+18,0.01,0.04,0.04,3098.0,0.03432,put,american,2024-01-30,100,476,O:SPY240130P00476000,-0.00701700663496757,0.0030704250815159115,-0.05407138150227794,0.00574114398945106,0.02,7304,323,0.01,5544,323,1706562881481718016,0.015,REAL-TIME,1.706562070880948e+18,[209],0.01,1.0,309.0,REAL-TIME,-15.0,1706566042664777472,490.94,SPY,REAL-TIME
476.985,0.21773990627669335,2164,-0.05,-83.3,0.01,0.06,1.7065044e+18,0.01,0.02,0.06,3083.0,0.02637,put,american,2024-01-30,100,477,O:SPY240130P00477000,-0.007433132373733406,0.003440689443628561,-0.05349595643945352,0.005740558349528429,0.02,7242,323,0.01,6212,323,1706562899773219328,0.015,REAL-TIME,1.7065628294478392e+18,[227],0.01,67.0,301.0,REAL-TIME,-14.0,1706566042664777472,490.94,SPY,REAL-TIME
477.985,0.20383438843552312,4726,-0.05,-71.4,0.02,0.07,1.7065044e+18,0.01,0.05,0.07,3937.0,0.0524,put,american,2024-01-30,100,478,O:SPY240130P00478000,-0.007905043461325962,0.0038858731293493092,-0.052920544940986525,0.00573926983498974,0.02,6085,323,0.01,6880,323,1706562881481728768,0.015,REAL-TIME,1.7065627387413614e+18,[236],0.02,1.0,308.0,REAL-TIME,-13.0,1706566042664777472,490.94,SPY,REAL-TIME
478.985,0.18996445658439007,4812,-0.07,-77.8,0.02,0.09,1.7065044e+18,0.01,0.07,0.09,22221.0,0.06726,put,american,2024-01-30,100,479,O:SPY240130P00479000,-0.0084447355664165,0.004427938647581637,-0.052345175848481945,0.005737092952364497,0.02,4583,322,0.01,18075,322,1706562881848731136,0.015,REAL-TIME,1.706562859317674e+18,[209],0.02,1.0,301.0,REAL-TIME,-12.0,1706566042664777472,490.94,SPY,REAL-TIME
479.975,0.18903883568789173,11095,-0.09,-75.0,0.03,0.12,1.7065044e+18,0.02,0.09,0.12,25746.0,0.08416,put,american,2024-01-30,100,480,O:SPY240130P00480000,-0.013515099981145598,0.006746707714308976,-0.07894345866601463,0.013425451023682661,0.03,5314,323,0.02,1851,323,1706562881481723392,0.025,REAL-TIME,1.7065625831655662e+18,[232],0.03,10.0,308.0,REAL-TIME,-11.0,1706566042664777472,490.94,SPY,REAL-TIME
480.975,0.1733328641777553,4153,-0.16,-84.2,0.03,0.17,1.7065044e+18,0.02,0.11,0.19,30899.0,0.1101,put,american,2024-01-30,100,481,O:SPY240130P00481000,-0.014573633116153808,0.007828117392038878,-0.0769414019192516,0.01341517935836602,0.03,4272,322,0.02,10701,322,1706562899797342720,0.025,REAL-TIME,1.7065628668136486e+18,[236],0.03,1.0,303.0,REAL-TIME,-9.96,1706566042664777472,490.94,SPY,REAL-TIME
481.965,0.16512140354486837,4746,-0.22,-84.6,0.04,0.24,1.7065044e+18,0.03,0.18,0.26,9893.0,0.1237,put,american,2024-01-30,100,482,O:SPY240130P00482000,-0.020542567435673068,0.011001339986856628,-0.09803269282703911,0.013432333324804702,0.04,2580,304,0.03,1902,313,1706562880398114816,0.035,REAL-TIME,1.7065627007787497e+18,[233],0.04,1.0,312.0,REAL-TIME,-8.98,1706566042664777472,490.94,SPY,REAL-TIME
482.955,0.15695171904096394,5106,-0.36,-90.0,0.04,0.35,1.7065044e+18,0.04,0.25,0.4,17886.0,0.1893,put,american,2024-01-30,100,483,O:SPY240130P00483000,-0.027133585313719743,0.014809474892486546,-0.11912667849172795,0.013456740442739853,0.05,3942,322,0.04,3225,322,1706562899898793472,0.045,REAL-TIME,1.7065628016156657e+18,[209],0.04,1.0,302.0,REAL-TIME,-7.99,1706566042664777472,490.94,SPY,REAL-TIME
483.935,0.14849356347950282,5939,-0.51,-89.5,0.06,0.5,1.7065044e+18,0.06,0.41,0.57,33254.0,0.3177,put,american,2024-01-30,100,484,O:SPY240130P00484000,-0.039008338485804615,0.020936290526926166,-0.1505203227535924,0.026947389137875418,0.07,7524,322,0.06,838,313,1706562892107698432,0.065,REAL-TIME,1.7065628932644104e+18,[209],0.06,10.0,301.0,REAL-TIME,-7.0,1706566042664777472,490.94,SPY,REAL-TIME
484.915,0.13797937991980758,8449,-0.74,-89.2,0.09,0.71,1.7065044e+18,0.08,0.58,0.83,58819.0,0.4179,put,american,2024-01-30,100,485,O:SPY240130P00485000,-0.052649114661455124,0.0287787303128771,-0.17833110525804988,0.026981751512835286,0.09,1037,313,0.08,2749,322,1706562892262907648,0.085,REAL-TIME,1.70656289107424e+18,[209],0.09,1.0,313.0,REAL-TIME,-6.02,1706566042664777472,490.94,SPY,REAL-TIME
485.865,0.13285371234684204,5408,-1.01,-88.6,0.13,1.0,1.7065044e+18,0.12,0.85,1.14,62925.0,0.5697,put,american,2024-01-30,100,486,O:SPY240130P00486000,-0.08066211509044838,0.04166451404207505,-0.23886599353278934,0.04676423485105819,0.14,1890,325,0.13,118,325,1706562899925015808,0.135,REAL-TIME,1.7065628857114714e+18,[209],0.13,8.0,300.0,REAL-TIME,-5.07,1706566042664777472,490.94,SPY,REAL-TIME
486.795,0.1268377174981925,11420,-1.34,-86.5,0.21,1.39,1.7065044e+18,0.19,1.21,1.55,135200.0,0.8046,put,american,2024-01-30,100,487,O:SPY240130P00487000,-0.11975982836743879,0.058854092649028376,-0.3067726781980155,0.04697206399012782,0.21,554,323,0.2,581,322,1706562883032081152,0.205,REAL-TIME,1.7065628942501604e+18,[209],0.21,2.0,302.0,REAL-TIME,-4.14,1706566042664777472,490.94,SPY,REAL-TIME
487.685,0.11921736747169415,5662,-1.76,-85.0,0.31,1.89,1.7065044e+18,0.29,1.65,2.07,147235.0,1.0365,put,american,2024-01-30,100,488,O:SPY240130P00488000,-0.17693894130345666,0.08067647211577125,-0.36995111121289814,0.07067693629363972,0.32,506,313,0.31,477,315,1706562898908674304,0.315,REAL-TIME,1.7065628987586476e+18,[209],0.31,1.0,304.0,REAL-TIME,-3.25,1706566042664777472,490.94,SPY,REAL-TIME
488.495,0.11550827002974322,4195,-2.14,-81.4,0.49,2.5,1.7065044e+18,0.46,2.21,2.63,62053.0,1.1438,put,american,2024-01-30,100,489,O:SPY240130P00489000,-0.26188330690953554,0.10479794820441997,-0.44887061942556705,0.0929395062776383,0.51,225,315,0.5,61,325,1706562891140827392,0.505,REAL-TIME,1.7065628970550935e+18,[209],0.49,1.0,300.0,REAL-TIME,-2.44,1706566042664777472,490.94,SPY,REAL-TIME
489.215,0.11211673593794255,1086,-2.54,-76.3,0.79,3.2,1.7065044e+18,0.7,2.95,3.33,56738.0,1.1804,put,american,2024-01-30,100,490,O:SPY240130P00490000,-0.3713464250942315,0.12635881798599707,-0.5062911490573713,0.10687193522734743,0.79,34,301,0.78,175,313,1706562898796983552,0.785,REAL-TIME,1.7065628938718697e+18,[209],0.79,1.0,301.0,REAL-TIME,-1.73,1706566042664777472,490.94,SPY,REAL-TIME
489.795,0.1109717648123499,269,-2.74,-69.5,1.2,4.04,1.7065044e+18,0.79,3.65,3.94,28060.0,1.4012,put,american,2024-01-30,100,491,O:SPY240130P00491000,-0.5014679655521324,0.13584639935436527,-0.527837834594193,0.1075861072680848,1.21,100,315,1.2,122,313,1706562899796218112,1.205,REAL-TIME,1.7065628979096348e+18,[209],1.2,1.0,301.0,REAL-TIME,-1.14,1706566042664777472,490.94,SPY,REAL-TIME
490.23,0.11071203705808685,78,-2.97,-62.5,1.78,4.91,1.7065044e+18,1.57,4.45,4.75,4676.0,2.0719,put,american,2024-01-30,100,492,O:SPY240130P00492000,-0.6339972394392349,0.12909997626833017,-0.49144330492895133,0.10721329705344518,1.79,212,313,1.75,367,316,1706562898371975936,1.77,REAL-TIME,1.7065628790368832e+18,[209],1.78,1.0,325.0,REAL-TIME,-0.71,1706566042664777472,490.94,SPY,REAL-TIME
490.53,0.11075330719730928,38,-3.32,-57.3,2.47,5.85,1.7065044e+18,2.22,5.34,5.79,1537.0,3.6391,put,american,2024-01-30,100,493,O:SPY240130P00493000,-0.751412169990088,0.10885301580821316,-0.4040381937162836,0.09438866373896754,2.51,600,316,2.43,543,316,1706562899835025920,2.47,REAL-TIME,1.706562896565182e+18,[227],2.47,6.0,312.0,REAL-TIME,-0.41,1706566042664777472,490.94,SPY,REAL-TIME
490.73,0.11033908834921191,66,-3.33,-49.0,3.46,6.81,1.7065044e+18,2.95,6.23,6.79,225.0,4.3607,put,american,2024-01-30,100,494,O:SPY240130P00494000,-0.846631846674946,0.08266648225376104,-0.29075122679213844,0.07177620865281453,3.33,600,316,3.21,600,316,1706562899307807232,3.27,REAL-TIME,1.7065623034095078e+18,[232],3.46,1.0,304.0,REAL-TIME,-0.21,1706566042664777472,490.94,SPY,REAL-TIME
490.855,0.10859802430696869,2,-3.36,-44.2,4.24,7.55,1.7065044e+18,3.9,7.35,7.6,640.0,4.5711,put,american,2024-01-30,100,495,O:SPY240130P00495000,-0.9192011515535846,0.0557893140442868,-0.17204583491210773,0.046325335816220364,4.22,600,316,4.07,600,316,1706562899307737344,4.145,REAL-TIME,1.7065628322027827e+18,[232],4.24,1.0,312.0,REAL-TIME,-0.085,1706566042664777472,490.94,SPY,REAL-TIME
490.91,0.1097863039881552,0,-2.41,-31.6,5.22,8.76,1.7065044e+18,4.91,8.18,7.63,631.0,6.9466,put,american,2024-01-30,100,496,O:SPY240130P00496000,-0.961155423516872,0.034748533042460956,-0.0909219756453188,0.02499141670510778,5.26,605,316,4.92,605,316,1706562899307728128,5.09,REAL-TIME,1.706562691387055e+18,[227],5.22,1.0,312.0,REAL-TIME,-0.03,1706566042664777472,490.94,SPY,REAL-TIME
490.91,0.12724912365358396,18,-3.72,-38.6,5.91,9.36,1.7065044e+18,5.91,9.36,9.63,27.0,6.6644,put,american,2024-01-30,100,497,O:SPY240130P00497000,-0.965996952009508,0.026825631067447783,-0.09567408199301713,0.02424518832865144,6.26,605,316,5.92,600,316,1706562899307751936,6.09,REAL-TIME,1.7065603312614932e+18,[209],5.91,10.0,308.0,REAL-TIME,-0.03,1706566042664777472,490.94,SPY,REAL-TIME
490.92,0.13914763345147044,1,-3.51,-32.7,7.24,8.19,1.7065044e+18,6.71,8.19,10.75,4.0,7.29,put,american,2024-01-30,100,498,O:SPY240130P00498000,-0.9761020320373205,0.01953512505559919,-0.07650791981553674,0.011854508309884835,7.26,605,316,6.9,600,316,1706562899307747328,7.08,REAL-TIME,1.706560881585312e+18,[232],7.24,1.0,322.0,REAL-TIME,-0.02,1706566042664777472,490.94,SPY,REAL-TIME
490.91,0.1618808628746859,0,,,8.24,8.56,1.7065044e+18,8.24,8.56,,20.0,8.4,put,american,2024-01-30,100,499,O:SPY240130P00499000,-0.9726180451319552,0.01764074063179363,-0.10427796517584151,0.02186558836674281,8.28,605,316,7.9,605,316,1706562899307947520,8.09,REAL-TIME,1.7065616200564698e+18,[219],8.24,10.0,313.0,REAL-TIME,-0.03,1706566042664777472,490.94,SPY,REAL-TIME
490.915,0.17357342958139055,2,-4.05,-30.3,9.3,12.3,1.7065044e+18,8.7,12.0,13.35,118.0,10.2566,put,american,2024-01-30,100,500,O:SPY240130P00500000,-0.9773342138475324,0.014219802033748518,-0.09272078529568527,0.012283601479365502,9.26,605,316,8.91,605,316,1706562899307496704,9.085,REAL-TIME,1.706562303414451e+18,[209],9.3,2.0,303.0,REAL-TIME,-0.025,1706566042664777472,490.94,SPY,REAL-TIME
490.92,0.24423883597630514,0,,,,,,,,,,,put,american,2024-01-30,100,505,O:SPY240130P00505000,-0.9859425260688092,0.006988114018770643,-0.08776195564205377,0.011603232025222385,14.26,600,316,13.9,605,316,1706562899307741184,14.08,REAL-TIME,,,,,,,-0.02,1706566042664777472,490.94,SPY,REAL-TIME
490.91,0.32668238087018253,0,,,21.98,21.98,1.7065044e+18,21.98,21.98,,75.0,21.98,put,american,2024-01-30,100,510,O:SPY240130P00510000,-0.9857059195262143,0.004899162705081214,-0.1220370618748041,0.012227970693848574,19.26,325,302,18.92,325,302,1706562879506166784,19.09,REAL-TIME,1.706541718540289e+18,[209],21.98,75.0,302.0,REAL-TIME,-0.03,1706566042664777472,490.94,SPY,REAL-TIME
490.925,0.3772996332324259,0,,,,,,,,,,,put,american,2024-01-30,100,515,O:SPY240130P00515000,-0.9922868054916765,0.0028339447546562894,-0.08156312840172941,0.005028949516822524,24.25,325,302,23.9,325,302,1706562879501123840,24.075,REAL-TIME,,,,,,,-0.015,1706566042664777472,490.94,SPY,REAL-TIME
490.92,0.45113188837636964,0,,,,,,,,,,,put,american,2024-01-30,100,520,O:SPY240130P00520000,-0.9920635512500747,0.0022938578098680947,-0.1017843126195059,0.005219533719617613,29.27,305,316,28.89,305,316,1706562880324134912,29.08,REAL-TIME,,,,,,,-0.02,1706566042664777472,490.94,SPY,REAL-TIME
490.92,0.5145842145613349,0,,,,,,,,,,,put,american,2024-01-30,100,525,O:SPY240130P00525000,-0.9929817907298975,0.001799184676961315,-0.10417221735613284,0.0051506848541937,34.27,305,316,33.89,305,316,1706562880324119552,34.08,REAL-TIME,,,,,,,-0.02,1706566042664777472,490.94,SPY,REAL-TIME
490.92,0.5773843763523719,0,,,,,,,,,,,put,american,2024-01-30,100,530,O:SPY240130P00530000,-0.9936926927015158,0.0014568912447900351,-0.10647008693445528,0.005139343484055809,39.27,305,316,38.89,305,316,1706562880324094720,39.08,REAL-TIME,,,,,,,-0.02,1706566042664777472,490.94,SPY,REAL-TIME
490.92,0.6395587200314282,0,,,,,,,,,,,put,american,2024-01-30,100,535,O:SPY240130P00535000,-0.9942591254022666,0.0012096995866742756,-0.10872647241524154,0.00506499942396201,44.27,305,316,43.89,305,316,1706562880324366080,44.08,REAL-TIME,,,,,,,-0.02,1706566042664777472,490.94,SPY,REAL-TIME
490.92,0.7011061239411708,0,,,,,,,,,,,put,american,2024-01-30,100,540,O:SPY240130P00540000,-0.9947214101196313,0.0010246688431341127,-0.1109033948091468,0.00508533432824838,49.27,305,316,48.89,305,316,1706562880324345856,49.08,REAL-TIME,,,,,,,-0.02,1706566042664777472,490.94,SPY,REAL-TIME
490.92,0.762061573335893,0,,,,,,,,,,,put,american,2024-01-30,100,545,O:SPY240130P00545000,-0.9951055324219773,0.0008824503619029612,-0.11306131986020093,0.005081891152160908,54.27,305,316,53.89,305,316,1706562880324360704,54.08,REAL-TIME,,,,,,,-0.02,1706566042664777472,490.94,SPY,REAL-TIME
490.92,0.8224535174398204,0,,,,,,,,,,,put,american,2024-01-30,100,550,O:SPY240130P00550000,-0.9954296992087709,0.0007705917604592955,-0.11521642029645515,0.005102561813483602,59.27,305,316,58.89,305,316,1706562880324314112,59.08,REAL-TIME,,,,,,,-0.02,1706566042664777472,490.94,SPY,REAL-TIME
490.92,0.8822956372318523,0,,,,,,,,,,,put,american,2024-01-30,100,555,O:SPY240130P00555000,-0.9957068833775,0.0006808710305474489,-0.11737090206585105,0.00512365483550847,64.27,305,316,63.89,305,316,1706562880324314112,64.08,REAL-TIME,,,,,,,-0.02,1706566042664777472,490.94,SPY,REAL-TIME
490.92,0.9415791834909617,0,,,,,,,,,,,put,american,2024-01-30,100,560,O:SPY240130P00560000,-0.9959466320492354,0.0006076530582427814,-0.11950646908116838,0.005060470174419737,69.27,305,316,68.89,305,316,1706562880324314112,69.08,REAL-TIME,,,,,,,-0.02,1706566042664777472,490.94,SPY,REAL-TIME
